type,name,module,path,hash
"csv","agent-manifest","_config","_config/agent-manifest.csv","e049a236338c0e3ff87689e8acf71fcb9bea2f6ee33c2ffc430afade895bc761"
"yaml","manifest","_config","_config/manifest.yaml","b5b5e0f423bdb19b56d1582fb7ced5d391a6e8ab9376532c38c78445499c01b0"
"csv","documentation-requirements","bmm","bmm/1-analysis/bmad-document-project/documentation-requirements.csv","d1253b99e88250f2130516b56027ed706e643bfec3d99316727a4c6ec65c6c1d"
"csv","domain-complexity","bmm","bmm/2-plan-workflows/bmad-create-prd/data/domain-complexity.csv","f775f09fb4dc1b9214ca22db4a3994ce53343d976d7f6e5384949835db6d2770"
"csv","domain-complexity","bmm","bmm/2-plan-workflows/bmad-validate-prd/data/domain-complexity.csv","f775f09fb4dc1b9214ca22db4a3994ce53343d976d7f6e5384949835db6d2770"
"csv","domain-complexity","bmm","bmm/2-plan-workflows/create-prd/data/domain-complexity.csv","f775f09fb4dc1b9214ca22db4a3994ce53343d976d7f6e5384949835db6d2770"
"csv","domain-complexity","bmm","bmm/3-solutioning/bmad-create-architecture/data/domain-complexity.csv","3dc34ed39f1fc79a51f7b8fc92087edb7cd85c4393a891d220f2e8dd5a101c70"
"csv","module-help","bmm","bmm/module-help.csv","ad71cf7e25bbc28fcd191f65b2d7792836c2821ac4555332f49862ed1fdce5cb"
"csv","project-types","bmm","bmm/2-plan-workflows/bmad-create-prd/data/project-types.csv","7a01d336e940fb7a59ff450064fd1194cdedda316370d939264a0a0adcc0aca3"
"csv","project-types","bmm","bmm/2-plan-workflows/bmad-validate-prd/data/project-types.csv","7a01d336e940fb7a59ff450064fd1194cdedda316370d939264a0a0adcc0aca3"
"csv","project-types","bmm","bmm/2-plan-workflows/create-prd/data/project-types.csv","7a01d336e940fb7a59ff450064fd1194cdedda316370d939264a0a0adcc0aca3"
"csv","project-types","bmm","bmm/3-solutioning/bmad-create-architecture/data/project-types.csv","12343635a2f11343edb1d46906981d6f5e12b9cad2f612e13b09460b5e5106e7"
"json","bmad-manifest","bmm","bmm/1-analysis/bmad-product-brief/bmad-manifest.json","692d2c28e128e5b79ec9e321e8106fa34a314bf8f5581d7ab99b876d2d3ab070"
"json","project-scan-report-schema","bmm","bmm/1-analysis/bmad-document-project/templates/project-scan-report-schema.json","8466965321f1db22f5013869636199f67e0113706283c285a7ffbbf5efeea321"
"md","architecture-decision-template","bmm","bmm/3-solutioning/bmad-create-architecture/architecture-decision-template.md","5d9adf90c28df61031079280fd2e49998ec3b44fb3757c6a202cda353e172e9f"
"md","artifact-analyzer","bmm","bmm/1-analysis/bmad-product-brief/agents/artifact-analyzer.md","dcd8c4bb367fa48ff99c26565d164323b2ae057b09642ba7d1fda1683262be2d"
"md","brief-template","bmm","bmm/1-analysis/bmad-product-brief/resources/brief-template.md","d42f0ef6b154b5c314090be393febabd61de3d8de1ecf926124d40d418552b4b"
"md","checklist","bmm","bmm/1-analysis/bmad-document-project/checklist.md","581b0b034c25de17ac3678db2dbafedaeb113de37ddf15a4df6584cf2324a7d7"
"md","checklist","bmm","bmm/4-implementation/bmad-correct-course/checklist.md","d068cfc00d8e4a6bb52172a90eb2e7a47f2441ffb32cdee15eeca220433284a3"
"md","checklist","bmm","bmm/4-implementation/bmad-create-story/checklist.md","b94e28e774c3be0288f04ea163424bece4ddead5cd3f3680d1603ed07383323a"
"md","checklist","bmm","bmm/4-implementation/bmad-dev-story/checklist.md","630b68c6824a8785003a65553c1f335222b17be93b1bd80524c23b38bde1d8af"
"md","checklist","bmm","bmm/4-implementation/bmad-qa-generate-e2e-tests/checklist.md","83cd779c6527ff34184dc86f9eebfc0a8a921aee694f063208aee78f80a8fb12"
"md","checklist","bmm","bmm/4-implementation/bmad-sprint-planning/checklist.md","80b10aedcf88ab1641b8e5f99c9a400c8fd9014f13ca65befc5c83992e367dd7"
"md","contextual-discovery","bmm","bmm/1-analysis/bmad-product-brief/prompts/contextual-discovery.md","96e1cbe24bece94e8a81b7966cb2dd470472aded69dcf906f4251db74dd72a03"
"md","deep-dive-instructions","bmm","bmm/1-analysis/bmad-document-project/workflows/deep-dive-instructions.md","da91056a0973a040fe30c2c0be074e5805b869a9a403b960983157e876427306"
"md","deep-dive-template","bmm","bmm/1-analysis/bmad-document-project/templates/deep-dive-template.md","6198aa731d87d6a318b5b8d180fc29b9aa53ff0966e02391c17333818e94ffe9"
"md","deep-dive-workflow","bmm","bmm/1-analysis/bmad-document-project/workflows/deep-dive-workflow.md","a64d98dfa3b771df2853c4fa19a4e9c90d131e409e13b4c6f5e494d6ac715125"
"md","discover-inputs","bmm","bmm/4-implementation/bmad-create-story/discover-inputs.md","dfedba6a8ea05c9a91c6d202c4b29ee3ea793d8ef77575034787ae0fef280507"
"md","draft-and-review","bmm","bmm/1-analysis/bmad-product-brief/prompts/draft-and-review.md","ab191df10103561a9ab7ed5c8f29a8ec4fce25e4459da8e9f3ec759f236f4976"
"md","epics-template","bmm","bmm/3-solutioning/bmad-create-epics-and-stories/templates/epics-template.md","a804f740155156d89661fa04e7a4264a8f712c4dc227c44fd8ae804a9b0f6b72"
"md","explain-concept","bmm","bmm/1-analysis/bmad-agent-tech-writer/explain-concept.md","6ea82dbe4e41d4bb8880cbaa62d936e40cef18f8c038be73ae6e09c462abafc9"
"md","finalize","bmm","bmm/1-analysis/bmad-product-brief/prompts/finalize.md","ca6d125ff9b536c9e7737c7b4a308ae4ec622ee7ccdc6c4c4abc8561089295ee"
"md","full-scan-instructions","bmm","bmm/1-analysis/bmad-document-project/workflows/full-scan-instructions.md","0544abae2476945168acb0ed48dd8b3420ae173cf46194fe77d226b3b5e7d7ae"
"md","full-scan-workflow","bmm","bmm/1-analysis/bmad-document-project/workflows/full-scan-workflow.md","3bff88a392c16602bd44730f32483505e73e65e46e82768809c13a0a5f55608b"
"md","guided-elicitation","bmm","bmm/1-analysis/bmad-product-brief/prompts/guided-elicitation.md","445b7fafb5c1c35a238958d015d413c71ebb8fd3e29dc59d9d68fb581546ee54"
"md","index-template","bmm","bmm/1-analysis/bmad-document-project/templates/index-template.md","42c8a14f53088e4fda82f26a3fe41dc8a89d4bcb7a9659dd696136378b64ee90"
"md","instructions","bmm","bmm/1-analysis/bmad-document-project/instructions.md","9f4bc3a46559ffd44289b0d61a0f8f26f829783aa1c0e2a09dfa807fa93eb12f"
"md","mermaid-gen","bmm","bmm/1-analysis/bmad-agent-tech-writer/mermaid-gen.md","1d83fcc5fa842bc31ecd9fd7e45fbf013fabcadf0022d3391fff5b53b48e4b5d"
"md","opportunity-reviewer","bmm","bmm/1-analysis/bmad-product-brief/agents/opportunity-reviewer.md","3b6d770c45962397bfecce5d4b001b03fc0e577aa75f7932084b56efe41edc07"
"md","prd-purpose","bmm","bmm/2-plan-workflows/bmad-create-prd/data/prd-purpose.md","49c4641b91504bb14e3887029b70beacaff83a2de200ced4f8cb11c1356ecaee"
"md","prd-purpose","bmm","bmm/2-plan-workflows/bmad-validate-prd/data/prd-purpose.md","49c4641b91504bb14e3887029b70beacaff83a2de200ced4f8cb11c1356ecaee"
"md","prd-purpose","bmm","bmm/2-plan-workflows/create-prd/data/prd-purpose.md","49c4641b91504bb14e3887029b70beacaff83a2de200ced4f8cb11c1356ecaee"
"md","prd-template","bmm","bmm/2-plan-workflows/bmad-create-prd/templates/prd-template.md","7ccccab9c06a626b7a228783b0b9b6e4172e9ec0b10d47bbfab56958c898f837"
"md","project-context-template","bmm","bmm/3-solutioning/bmad-generate-project-context/project-context-template.md","54e351394ceceb0ac4b5b8135bb6295cf2c37f739c7fd11bb895ca16d79824a5"
"md","project-overview-template","bmm","bmm/1-analysis/bmad-document-project/templates/project-overview-template.md","a7c7325b75a5a678dca391b9b69b1e3409cfbe6da95e70443ed3ace164e287b2"
"md","readiness-report-template","bmm","bmm/3-solutioning/bmad-check-implementation-readiness/templates/readiness-report-template.md","0da97ab1e38818e642f36dc0ef24d2dae69fc6e0be59924dc2dbf44329738ff6"
"md","research.template","bmm","bmm/1-analysis/research/bmad-domain-research/research.template.md","507bb6729476246b1ca2fca4693986d286a33af5529b6cd5cb1b0bb5ea9926ce"
"md","research.template","bmm","bmm/1-analysis/research/bmad-market-research/research.template.md","507bb6729476246b1ca2fca4693986d286a33af5529b6cd5cb1b0bb5ea9926ce"
"md","research.template","bmm","bmm/1-analysis/research/bmad-technical-research/research.template.md","507bb6729476246b1ca2fca4693986d286a33af5529b6cd5cb1b0bb5ea9926ce"
"md","skeptic-reviewer","bmm","bmm/1-analysis/bmad-product-brief/agents/skeptic-reviewer.md","fc1642dff30b49032db63f6518c5b34d3932c9efefaea2681186eb963b207b97"
"md","SKILL","bmm","bmm/1-analysis/bmad-agent-analyst/SKILL.md","c3188cf154cea26180baa9e0718a071fcb83d29aa881d9e9b76dbb01890ece81"
"md","SKILL","bmm","bmm/1-analysis/bmad-agent-tech-writer/SKILL.md","ecac70770f81480a43ac843d11d497800090219a34f7666cd8b2f501be297f88"
"md","SKILL","bmm","bmm/1-analysis/bmad-document-project/SKILL.md","f4020613aec74bfeed2661265df35bb8a6f5ef9478c013182e6b5493bed5ce75"
"md","SKILL","bmm","bmm/1-analysis/bmad-product-brief/SKILL.md","0324676e912b28089314836f15c8da012e9fd83cddd4ea1cb7a781688f2e8dbd"
"md","SKILL","bmm","bmm/1-analysis/research/bmad-domain-research/SKILL.md","7b23a45014c45d58616fa24471b9cb315ec5d2b1e4022bc4b9ca83b2dee5588a"
"md","SKILL","bmm","bmm/1-analysis/research/bmad-market-research/SKILL.md","b4a5b2b70cb100c5cea2c69257449ba0b0da3387abeba45c8b50bd2efc600495"
"md","SKILL","bmm","bmm/1-analysis/research/bmad-technical-research/SKILL.md","7bfe56456a8d2676bf2469e8184a8e27fa22a482aefaa4cb2892d7ed8820e8bc"
"md","SKILL","bmm","bmm/2-plan-workflows/bmad-agent-pm/SKILL.md","5f09be0854c9c5a46e32f38ba38ac1ed6781195c50b92dcd3720c59d33e9878d"
"md","SKILL","bmm","bmm/2-plan-workflows/bmad-agent-ux-designer/SKILL.md","452c4eb335a4728c1a7264b4fb179e53b1f34ae1c57583e7a65b1fde17b4bc3a"
"md","SKILL","bmm","bmm/2-plan-workflows/bmad-create-prd/SKILL.md","24de81d7553bb136d1dfb595a3f2fbd45930ece202ea2ac258eb349b4af17b5f"
"md","SKILL","bmm","bmm/2-plan-workflows/bmad-create-ux-design/SKILL.md","ef05bacf1fbb599bd87b2780f6a5f85cfc3b4ab7e7eb2c0f5376899a1663c5a5"
"md","SKILL","bmm","bmm/2-plan-workflows/bmad-edit-prd/SKILL.md","d18f34c8efcaeb90204989c79f425585d0e872ac02f231f3832015b100d0d04b"
"md","SKILL","bmm","bmm/2-plan-workflows/bmad-validate-prd/SKILL.md","34241cb23b07aae6e931899abb998974ccdb1a2586c273f2f448aff8a0407c52"
"md","SKILL","bmm","bmm/3-solutioning/bmad-agent-architect/SKILL.md","1039d1e9219b8f5e671b419f043dca52f0e19f94d3e50316c5a8917bc748aa41"
"md","SKILL","bmm","bmm/3-solutioning/bmad-check-implementation-readiness/SKILL.md","307f083fc05c9019b5e12317576965acbcfbd4774cf64ef56c7afcb15d00a199"
"md","SKILL","bmm","bmm/3-solutioning/bmad-create-architecture/SKILL.md","ed60779d105d4d55f9d182fcdfd4a48b361330cd15120fef8b9d8a2a2432e3bf"
"md","SKILL","bmm","bmm/3-solutioning/bmad-create-epics-and-stories/SKILL.md","ec3675d2ab763e7050e5cc2975326b4a37c68ebbc2f4d27458d552f4071939d4"
"md","SKILL","bmm","bmm/3-solutioning/bmad-generate-project-context/SKILL.md","504447984a6c5ea30a14e4dacdd6627dc6bec67d6d51eddd2f328d74db8e6a82"
"md","SKILL","bmm","bmm/4-implementation/bmad-agent-dev/SKILL.md","8e387e4f89ba512eefc4dfeaced01d427577bfa5e2fc6244c758205095cddf11"
"md","SKILL","bmm","bmm/4-implementation/bmad-agent-qa/SKILL.md","65c2c82351febd52ed94566753ff57b15631e60ba7408e61aa92799815feb32d"
"md","SKILL","bmm","bmm/4-implementation/bmad-agent-quick-flow-solo-dev/SKILL.md","aa548300965db095ea3bdc5411c398fc6a6640172ed5ce22555beaddbd05c6d1"
"md","SKILL","bmm","bmm/4-implementation/bmad-agent-sm/SKILL.md","83472c98a2b5de7684ea1f0abe5fedb3c7056053b9e65c7fdd5398832fff9e43"
"md","SKILL","bmm","bmm/4-implementation/bmad-code-review/SKILL.md","baca10e0257421b41bb07dc23cd4768e57f55f1aebe7b19e702d0b77a7f39a01"
"md","SKILL","bmm","bmm/4-implementation/bmad-correct-course/SKILL.md","400a2fd76a3818b9023a1a69a6237c20b93b5dd51dce1d507a38c10baaaba8cd"
"md","SKILL","bmm","bmm/4-implementation/bmad-create-story/SKILL.md","b1d6b9fbfee53246b46ae1096ada624d1e60c21941e2054fee81c46e1ec079d5"
"md","SKILL","bmm","bmm/4-implementation/bmad-dev-story/SKILL.md","60df7fead13be7cc33669f34fe4d929d95655f8e839f7e5cd5bb715313e17133"
"md","SKILL","bmm","bmm/4-implementation/bmad-qa-generate-e2e-tests/SKILL.md","2915faf44ebc7bb2783c206bf1e4b82bbff6b35651aa01e33b270ab244ce2dc6"
"md","SKILL","bmm","bmm/4-implementation/bmad-quick-dev/SKILL.md","e4af8798c1cf8bd4f564520270e287a2aa52c1030de76c9c4e04208ae5cdf12d"
"md","SKILL","bmm","bmm/4-implementation/bmad-retrospective/SKILL.md","d5bfc70a01ac9f131716827b5345cf3f7bfdda562c7c66ea2c7a7bd106f44e23"
"md","SKILL","bmm","bmm/4-implementation/bmad-sprint-planning/SKILL.md","7b5f68dcf95c8c9558bda0e4ba55637b0e8f9254577d7ac28072bb9f22c63d94"
"md","SKILL","bmm","bmm/4-implementation/bmad-sprint-status/SKILL.md","fc393cadb4a05050cb847471babbc10ecb65f0cb85da6e61c2cec65bb5dfc73d"
"md","source-tree-template","bmm","bmm/1-analysis/bmad-document-project/templates/source-tree-template.md","109bc335ebb22f932b37c24cdc777a351264191825444a4d147c9b82a1e2ad7a"
"md","spec-template","bmm","bmm/4-implementation/bmad-quick-dev/spec-template.md","714bb6eab8684240af0032dae328942887d8ffbe8ee1de66e986f86076694e5d"
"md","step-01-clarify-and-route","bmm","bmm/4-implementation/bmad-quick-dev/step-01-clarify-and-route.md","10565e87d85c31f6cce36734006e804c349e2bdf3ff26c47f2c72a4e34b4b28a"
"md","step-01-discover","bmm","bmm/3-solutioning/bmad-generate-project-context/steps/step-01-discover.md","8b2c8c7375f8a3c28411250675a28c0d0a9174e6c4e67b3d53619888439c4613"
"md","step-01-document-discovery","bmm","bmm/3-solutioning/bmad-check-implementation-readiness/steps/step-01-document-discovery.md","56e748671877fa3e34ffaab5c531801e7b72b6b59ee29a2f479e5f904a93d7af"
"md","step-01-gather-context","bmm","bmm/4-implementation/bmad-code-review/steps/step-01-gather-context.md","211f387c4b2172ff98c2f5c5df0fedc4127c47d85b5ec69bbcfb774d3e16fec5"
"md","step-01-init","bmm","bmm/1-analysis/research/bmad-domain-research/domain-steps/step-01-init.md","efee243f13ef54401ded88f501967b8bc767460cec5561b2107fc03fe7b7eab1"
"md","step-01-init","bmm","bmm/1-analysis/research/bmad-market-research/steps/step-01-init.md","64d5501aea0c0005db23a0a4d9ee84cf4e9239f553c994ecc6b1356917967ccc"
"md","step-01-init","bmm","bmm/1-analysis/research/bmad-technical-research/technical-steps/step-01-init.md","c9a1627ecd26227e944375eb691e7ee6bc9f5db29a428a5d53e5d6aef8bb9697"
"md","step-01-init","bmm","bmm/2-plan-workflows/bmad-create-prd/steps-c/step-01-init.md","922f59e960569f68bbf0d2c17ecdca74e9d9b92c6a802a5ea888e10774be7738"
"md","step-01-init","bmm","bmm/2-plan-workflows/bmad-create-ux-design/steps/step-01-init.md","0b257533a0ce34d792f621da35325ec11cb883653e3ad546221ee1f0dee5edcd"
"md","step-01-init","bmm","bmm/3-solutioning/bmad-create-architecture/steps/step-01-init.md","5119205b712ebda0cd241c3daad217bb0f6fa9e6cb41d6635aec6b7fe83b838a"
"md","step-01-validate-prerequisites","bmm","bmm/3-solutioning/bmad-create-epics-and-stories/steps/step-01-validate-prerequisites.md","5c2aabc871363d84fc2e12fd83a3889e9d752b6bd330e31a0067c96204dd4880"
"md","step-01b-continue","bmm","bmm/2-plan-workflows/bmad-create-prd/steps-c/step-01b-continue.md","bdc3677aa220c4822b273d9bc8579669e003cc96d49475ddb3116bdef759cf04"
"md","step-01b-continue","bmm","bmm/2-plan-workflows/bmad-create-ux-design/steps/step-01b-continue.md","4d42c6b83eaa720975bf2206a7eea1a8c73ae922668cc2ef03d34c49ab066c19"
"md","step-01b-continue","bmm","bmm/3-solutioning/bmad-create-architecture/steps/step-01b-continue.md","4bf216008297dcea25f8be693109cf17879c621865b302c994cdd15aa5124e5f"
"md","step-02-context","bmm","bmm/3-solutioning/bmad-create-architecture/steps/step-02-context.md","4381c5128de7d5c02ac806a1263e3965754bd2598954f3188219fbd87567e5c9"
"md","step-02-customer-behavior","bmm","bmm/1-analysis/research/bmad-market-research/steps/step-02-customer-behavior.md","bac4de244049f90d1f2eb95e2cc9389cc84966d9538077fef1ec9c35e4533849"
"md","step-02-design-epics","bmm","bmm/3-solutioning/bmad-create-epics-and-stories/steps/step-02-design-epics.md","44b8859c4f9e6c8275b44be1c8d36f5360b54db7c54b8d4d1b61e865b33d51d8"
"md","step-02-discovery","bmm","bmm/2-plan-workflows/bmad-create-prd/steps-c/step-02-discovery.md","4ef0a3e62c05bfe90fbeca03d58ada11017098523a563003d574462d65f51e78"
"md","step-02-discovery","bmm","bmm/2-plan-workflows/bmad-create-ux-design/steps/step-02-discovery.md","9ffd5b31cc869b564e4d78cdc70767f0fb1b04db4c40201ccfa9dde75739fa8d"
"md","step-02-domain-analysis","bmm","bmm/1-analysis/research/bmad-domain-research/domain-steps/step-02-domain-analysis.md","385a288d9bbb0adf050bcce4da4dad198a9151822f9766900404636f2b0c7f9d"
"md","step-02-generate","bmm","bmm/3-solutioning/bmad-generate-project-context/steps/step-02-generate.md","b1f063edae66a74026b67a79a245cec7ee85438bafcacfc70dcf6006b495e060"
"md","step-02-plan","bmm","bmm/4-implementation/bmad-quick-dev/step-02-plan.md","28fd4b9c107c3d63188e6b0e3c5c31ed523045324865024ab389e8b6d84e67f4"
"md","step-02-prd-analysis","bmm","bmm/3-solutioning/bmad-check-implementation-readiness/steps/step-02-prd-analysis.md","47538848da0207cc929613ee9294ec317d05404ab19d7a9af612bf757d2a5950"
"md","step-02-review","bmm","bmm/4-implementation/bmad-code-review/steps/step-02-review.md","6c0f85f7be5d1e28af1a538f4393ec4a766c4f2ae6eb3e8fb69cb64a5b0bd325"
"md","step-02-technical-overview","bmm","bmm/1-analysis/research/bmad-technical-research/technical-steps/step-02-technical-overview.md","9c7582241038b16280cddce86f2943216541275daf0a935dcab78f362904b305"
"md","step-02b-vision","bmm","bmm/2-plan-workflows/bmad-create-prd/steps-c/step-02b-vision.md","641fcd72722c34850bf2daf38a4dfc544778999383aa9b33b4e7569de5860721"
"md","step-02c-executive-summary","bmm","bmm/2-plan-workflows/bmad-create-prd/steps-c/step-02c-executive-summary.md","7abf23a4ae7a7e1653cb86d90fdb1698cbe876628de3273b5638cfb05e34b615"
"md","step-03-competitive-landscape","bmm","bmm/1-analysis/research/bmad-domain-research/domain-steps/step-03-competitive-landscape.md","f10aa088ba00c59491507f6519fb314139f8be6807958bb5fd1b66bff2267749"
"md","step-03-complete","bmm","bmm/3-solutioning/bmad-generate-project-context/steps/step-03-complete.md","cf8d1d1904aeddaddb043c3c365d026cd238891cd702c2b78bae032a8e08ae17"
"md","step-03-core-experience","bmm","bmm/2-plan-workflows/bmad-create-ux-design/steps/step-03-core-experience.md","1f58c8a2f6872f468629ecb67e94f793af9d10d2804fe3e138eba03c090e00c5"
"md","step-03-create-stories","bmm","bmm/3-solutioning/bmad-create-epics-and-stories/steps/step-03-create-stories.md","c5b787a82e4e49ed9cd9c028321ee1689f32b8cd69d89eea609b37cd3d481afc"
"md","step-03-customer-pain-points","bmm","bmm/1-analysis/research/bmad-market-research/steps/step-03-customer-pain-points.md","5b2418ccaaa89291c593efed0311b3895faad1e9181800d382da823a8eb1312a"
"md","step-03-epic-coverage-validation","bmm","bmm/3-solutioning/bmad-check-implementation-readiness/steps/step-03-epic-coverage-validation.md","1935d218641b8e19af9764543ada4d04b58b2ba885a1c41a67194c8f1436d73d"
"md","step-03-implement","bmm","bmm/4-implementation/bmad-quick-dev/step-03-implement.md","eebcaa976b46b56562bc961d81d57ea52a4ba2eb6daaff75e92448bb8b85d6a2"
"md","step-03-integration-patterns","bmm","bmm/1-analysis/research/bmad-technical-research/technical-steps/step-03-integration-patterns.md","005d517a2f962e2172e26b23d10d5e6684c7736c0d3982e27b2e72d905814ad9"
"md","step-03-starter","bmm","bmm/3-solutioning/bmad-create-architecture/steps/step-03-starter.md","b7727e0f37bc5325e15abad1c54bef716d617df423336090189efd1d307a0b3f"
"md","step-03-success","bmm","bmm/2-plan-workflows/bmad-create-prd/steps-c/step-03-success.md","3959db0848f9a4c99f80ac8d59855f9bb77f833475d3d5512e623d62b52b86dc"
"md","step-03-triage","bmm","bmm/4-implementation/bmad-code-review/steps/step-03-triage.md","91eaa27f6a167702ead00da9e93565c9bff79dce92c02eccbca61b1d1ed39a80"
"md","step-04-architectural-patterns","bmm","bmm/1-analysis/research/bmad-technical-research/technical-steps/step-04-architectural-patterns.md","4636f23e9c585a7a0c90437a660609d913f16362c3557fc2e71d408d6b9f46ce"
"md","step-04-customer-decisions","bmm","bmm/1-analysis/research/bmad-market-research/steps/step-04-customer-decisions.md","f0bc25f2179b7490e7a6704159a32fc9e83ab616022355ed53acfe8e2f7059d5"
"md","step-04-decisions","bmm","bmm/3-solutioning/bmad-create-architecture/steps/step-04-decisions.md","7fc0ebb63ab5ad0efc470f1063c15f14f52f5d855da2382fd17576cf060a8763"
"md","step-04-emotional-response","bmm","bmm/2-plan-workflows/bmad-create-ux-design/steps/step-04-emotional-response.md","75724811b170c8897e230a49e968e1db357fef3387008b0906b5ff79a43dbff9"
"md","step-04-final-validation","bmm","bmm/3-solutioning/bmad-create-epics-and-stories/steps/step-04-final-validation.md","6be228c80a97a74fe6b2dca7ded26fdbca3524a4c8590942e150f24e16da68f3"
"md","step-04-journeys","bmm","bmm/2-plan-workflows/bmad-create-prd/steps-c/step-04-journeys.md","a9f2b74f06230916f66a1cf42437e4173061a157642c5eaf0d985d4078872526"
"md","step-04-present","bmm","bmm/4-implementation/bmad-code-review/steps/step-04-present.md","7c9a738036845c9fa9fcfaff3f3efd87123e75749877f334b781b25c9765f59c"
"md","step-04-regulatory-focus","bmm","bmm/1-analysis/research/bmad-domain-research/domain-steps/step-04-regulatory-focus.md","d22035529efe91993e698b4ebf297bf2e7593eb41d185a661c357a8afc08977b"
"md","step-04-review","bmm","bmm/4-implementation/bmad-quick-dev/step-04-review.md","e441bf5a69951ec2597c485b07dd50f8d18a1ea9cf6535ac052f03b0d0e0ecd0"
"md","step-04-ux-alignment","bmm","bmm/3-solutioning/bmad-check-implementation-readiness/steps/step-04-ux-alignment.md","f71e5f0d77615e885ae40fdee6b04c1dd6e472c871f87b515fe869cb5f6966fb"
"md","step-05-competitive-analysis","bmm","bmm/1-analysis/research/bmad-market-research/steps/step-05-competitive-analysis.md","17532051ad232cfc859f09ac3b44f9f4d542eb24cff8d07317126ccdff0d225a"
"md","step-05-domain","bmm","bmm/2-plan-workflows/bmad-create-prd/steps-c/step-05-domain.md","983617d33fe6b7e911f34cf6a2adb86be595952ab9a7c7308e7f6b3858b39a12"
"md","step-05-epic-quality-review","bmm","bmm/3-solutioning/bmad-check-implementation-readiness/steps/step-05-epic-quality-review.md","d8a84e57f4e3a321734b5b5d093458ceb1e338744f18954c5a204f5ce3576185"
"md","step-05-implementation-research","bmm","bmm/1-analysis/research/bmad-technical-research/technical-steps/step-05-implementation-research.md","e2b8a2c79bcebadc85f3823145980fa47d7e7be8d1c112f686c6223c8c138608"
"md","step-05-inspiration","bmm","bmm/2-plan-workflows/bmad-create-ux-design/steps/step-05-inspiration.md","b0cadcd4665c46d2e6e89bdb45ddfdd4e4aac47b901e59aa156b935878a2b124"
"md","step-05-patterns","bmm","bmm/3-solutioning/bmad-create-architecture/steps/step-05-patterns.md","3c80aba507aa46893ef43f07c5c321b985632ef57abc82d5ee93c3d9c2911134"
"md","step-05-present","bmm","bmm/4-implementation/bmad-quick-dev/step-05-present.md","b7d54e83f9a88f1d151d94d8facd6bc8f91ea1494eab6d83f74f3905d85c5018"
"md","step-05-technical-trends","bmm","bmm/1-analysis/research/bmad-domain-research/domain-steps/step-05-technical-trends.md","fd6c577010171679f630805eb76e09daf823c2b9770eb716986d01f351ce1fb4"
"md","step-06-design-system","bmm","bmm/2-plan-workflows/bmad-create-ux-design/steps/step-06-design-system.md","1c71e452916c5b9ed000af4dd1b83954ae16887463c73776251e1e734e7d7641"
"md","step-06-final-assessment","bmm","bmm/3-solutioning/bmad-check-implementation-readiness/steps/step-06-final-assessment.md","dbc3a5e94e804c5dbb89204a194d9c378fd4096f40beec976b84ce4ca26b24cf"
"md","step-06-innovation","bmm","bmm/2-plan-workflows/bmad-create-prd/steps-c/step-06-innovation.md","a0b3863e11f1dc91c73871967c26c3a2746a11c29a1cd23ee000df5b6b22f1b3"
"md","step-06-research-completion","bmm","bmm/1-analysis/research/bmad-market-research/steps/step-06-research-completion.md","ce4820d4a254b1c4c5a876910e7e8912eda8df595a71438d230119ace7f2c38b"
"md","step-06-research-synthesis","bmm","bmm/1-analysis/research/bmad-domain-research/domain-steps/step-06-research-synthesis.md","ae7ea9eec7f763073e4e1ec7ef0dd247a2c9c8f8172c84cbcb0590986c67caa2"
"md","step-06-research-synthesis","bmm","bmm/1-analysis/research/bmad-technical-research/technical-steps/step-06-research-synthesis.md","01d94ed48e86317754d1dafb328d57bd1ce8832c1f443bfd62413bbd07dcf3a1"
"md","step-06-structure","bmm","bmm/3-solutioning/bmad-create-architecture/steps/step-06-structure.md","f8333ca290b62849c1e2eb2f770b46705b09fe0322217b699b13be047efdd03e"
"md","step-07-defining-experience","bmm","bmm/2-plan-workflows/bmad-create-ux-design/steps/step-07-defining-experience.md","17f78d679a187cfb703c2cd30eea84d9dd683f3708d24885421239338eea4edd"
"md","step-07-project-type","bmm","bmm/2-plan-workflows/bmad-create-prd/steps-c/step-07-project-type.md","ba60660354a1aa7dff8a03bfff79ace4589af13e3a2945ae78157a33abd12f17"
"md","step-07-validation","bmm","bmm/3-solutioning/bmad-create-architecture/steps/step-07-validation.md","95c9c9102ddfb23969adecc84c45bc61aa1e58dbdff6d25111ac85e17ff99353"
"md","step-08-complete","bmm","bmm/3-solutioning/bmad-create-architecture/steps/step-08-complete.md","2bdb9f1a149eb8e075c734f086b977709baeeb3d7ca0c2c998997e3c0ce2f532"
"md","step-08-scoping","bmm","bmm/2-plan-workflows/bmad-create-prd/steps-c/step-08-scoping.md","b1273a563a4cb440901bcda12ffdb27a37694c4cc4431196396d07a3737ae0aa"
"md","step-08-visual-foundation","bmm","bmm/2-plan-workflows/bmad-create-ux-design/steps/step-08-visual-foundation.md","985b4da65435114529056f33ff583ec4d1b29feb3550494ae741b6dbb89798a9"
"md","step-09-design-directions","bmm","bmm/2-plan-workflows/bmad-create-ux-design/steps/step-09-design-directions.md","07962c637e69a612a904efccf6188b7f08c9e484d4d7369c74cd0de7da0cb1e3"
"md","step-09-functional","bmm","bmm/2-plan-workflows/bmad-create-prd/steps-c/step-09-functional.md","4880a2f02fdc43964bd753c733c7800b9ccf6b1ccf194b2a8c3f09f1ad85843c"
"md","step-10-nonfunctional","bmm","bmm/2-plan-workflows/bmad-create-prd/steps-c/step-10-nonfunctional.md","afde3cd586227cec7863267518667605e9487025a9c0f3b7f220c66adbbc347c"
"md","step-10-user-journeys","bmm","bmm/2-plan-workflows/bmad-create-ux-design/steps/step-10-user-journeys.md","eabe15745e6b68df06833bca103c704d31094c8f070c84e35f1ee9b0c28d10bd"
"md","step-11-component-strategy","bmm","bmm/2-plan-workflows/bmad-create-ux-design/steps/step-11-component-strategy.md","52a1d0230160124496467ddbe26dd9cc4ae7d9afceaea987aad658e1bb195f59"
"md","step-11-polish","bmm","bmm/2-plan-workflows/bmad-create-prd/steps-c/step-11-polish.md","7648f29eda46aa75dd3a23045d9e8513995a7c56e18ac28f4912b5d05340b9cc"
"md","step-12-complete","bmm","bmm/2-plan-workflows/bmad-create-prd/steps-c/step-12-complete.md","cce81ef9c88e910ea729710ab7104ee23c323479f90375208d3910abe0a5adcf"
"md","step-12-ux-patterns","bmm","bmm/2-plan-workflows/bmad-create-ux-design/steps/step-12-ux-patterns.md","37215fe8ea33247e9a31b5f8b8fe3b36448d7f743c18803e4d5054c201348be8"
"md","step-13-responsive-accessibility","bmm","bmm/2-plan-workflows/bmad-create-ux-design/steps/step-13-responsive-accessibility.md","b80c7e6c3898bac66af1ca81bcb09a92f2793bc0711530d93e03265070041b5c"
"md","step-14-complete","bmm","bmm/2-plan-workflows/bmad-create-ux-design/steps/step-14-complete.md","f308bf80b6a7d4490a858fb30d17fc4fa3105655cbc437aa07e54fab26889251"
"md","step-e-01-discovery","bmm","bmm/2-plan-workflows/bmad-edit-prd/steps-e/step-e-01-discovery.md","a0297433200742d5fa0a93b19c1175dc68a69ae57004ff7409b6dc2813102802"
"md","step-e-01b-legacy-conversion","bmm","bmm/2-plan-workflows/bmad-edit-prd/steps-e/step-e-01b-legacy-conversion.md","582550bc46eba21b699b89c96c4c33c4330a8472fa5b537ad30ac3c551027f9c"
"md","step-e-02-review","bmm","bmm/2-plan-workflows/bmad-edit-prd/steps-e/step-e-02-review.md","95610b5736547894b03bc051022a48143f050d80059a286a49d96b28a10e6050"
"md","step-e-03-edit","bmm","bmm/2-plan-workflows/bmad-edit-prd/steps-e/step-e-03-edit.md","e8315a19fca7de14d4114d2adb1accf62945957c3696c3f0f021295cfdf8a5a1"
"md","step-e-04-complete","bmm","bmm/2-plan-workflows/bmad-edit-prd/steps-e/step-e-04-complete.md","844c02e09659679ab3837b51f98ce0779035d4660bd42f11ee1d338f95b57e3f"
"md","step-oneshot","bmm","bmm/4-implementation/bmad-quick-dev/step-oneshot.md","e1b2c98ea397a49c738ab6bbb50f05aa8756acf6152241bda76e5e4722128548"
"md","step-v-01-discovery","bmm","bmm/2-plan-workflows/bmad-validate-prd/steps-v/step-v-01-discovery.md","65c4686abf818f35eeeff7cf7d31646b9693f3b8aaaa04eac7c97e9be0572a57"
"md","step-v-01-discovery","bmm","bmm/2-plan-workflows/create-prd/steps-v/step-v-01-discovery.md","85e9b433cfb634b965240597739cc517837c136a4ca64bc88c0afe828b363740"
"md","step-v-02-format-detection","bmm","bmm/2-plan-workflows/bmad-validate-prd/steps-v/step-v-02-format-detection.md","c27ea549b1414a9a013c6e334daf278bc26e7101879fd5832eb57ed275daeb0d"
"md","step-v-02-format-detection","bmm","bmm/2-plan-workflows/create-prd/steps-v/step-v-02-format-detection.md","251ea5a1cf7779db2dc39d5d8317976a27f84b421359c1974ae96c0943094341"
"md","step-v-02b-parity-check","bmm","bmm/2-plan-workflows/bmad-validate-prd/steps-v/step-v-02b-parity-check.md","5216fea52f9bbcb76a8ea9b9e80c98c51c529342e448dcf75c449ffa6fbaa45f"
"md","step-v-02b-parity-check","bmm","bmm/2-plan-workflows/create-prd/steps-v/step-v-02b-parity-check.md","3481beae212bb0140c105d0ae87bb9714859c93a471048048512fd1278da2fcd"
"md","step-v-03-density-validation","bmm","bmm/2-plan-workflows/bmad-validate-prd/steps-v/step-v-03-density-validation.md","1eed2b7eea8745edefbee124e9c9aff1e75a1176b8ba3bad42cfcf9b7c2f2a1c"
"md","step-v-03-density-validation","bmm","bmm/2-plan-workflows/create-prd/steps-v/step-v-03-density-validation.md","5b95ecd032fb65f86b7eee7ce7c30c997dc2a8b5e4846d88c2853538591a9e40"
"md","step-v-04-brief-coverage-validation","bmm","bmm/2-plan-workflows/bmad-validate-prd/steps-v/step-v-04-brief-coverage-validation.md","7b870fea072193271c9dc80966b0777cbc892a85912a273ba184f2d19fc68c47"
"md","step-v-04-brief-coverage-validation","bmm","bmm/2-plan-workflows/create-prd/steps-v/step-v-04-brief-coverage-validation.md","97eb248c7d67e6e5121dd0b020409583998fba433799ea4c5c8cb40c7ff9c7c1"
"md","step-v-05-measurability-validation","bmm","bmm/2-plan-workflows/bmad-validate-prd/steps-v/step-v-05-measurability-validation.md","06a8762b225e7d77f9c1b9f5be8783bcced29623f3a3bc8dbf7ea109b531c0ae"
"md","step-v-05-measurability-validation","bmm","bmm/2-plan-workflows/create-prd/steps-v/step-v-05-measurability-validation.md","2f331ee6d4f174dec0e4b434bf7691bfcf3a13c6ee0c47a65989badaa6b6a28c"
"md","step-v-06-traceability-validation","bmm","bmm/2-plan-workflows/bmad-validate-prd/steps-v/step-v-06-traceability-validation.md","58b89788683540c3122f886ca7a6191866a3abb2851bd505faa3fc9ab46a73c4"
"md","step-v-06-traceability-validation","bmm","bmm/2-plan-workflows/create-prd/steps-v/step-v-06-traceability-validation.md","970ea67486211a611a701e1490ab7e8f2f98060a9f78760b6ebfdb9f37743c74"
"md","step-v-07-implementation-leakage-validation","bmm","bmm/2-plan-workflows/bmad-validate-prd/steps-v/step-v-07-implementation-leakage-validation.md","aeab46b20c6aafc4b1d369c65ccf02a1fc5f7de60cbffddf7719e2899de6fe28"
"md","step-v-07-implementation-leakage-validation","bmm","bmm/2-plan-workflows/create-prd/steps-v/step-v-07-implementation-leakage-validation.md","f75d1d808fdf3d61b15bea55418b82df747f45902b6b22fe541e83b4ea3fa465"
"md","step-v-08-domain-compliance-validation","bmm","bmm/2-plan-workflows/bmad-validate-prd/steps-v/step-v-08-domain-compliance-validation.md","1be1de3adc40ded63e3662a75532fa1b13c28596b3b49204fbda310f6fa5f0da"
"md","step-v-08-domain-compliance-validation","bmm","bmm/2-plan-workflows/create-prd/steps-v/step-v-08-domain-compliance-validation.md","a1902baaf4eaaf946e5c2c2101a1ac46f8ee4397e599218b8dc030cd00c97512"
"md","step-v-09-project-type-validation","bmm","bmm/2-plan-workflows/bmad-validate-prd/steps-v/step-v-09-project-type-validation.md","fffbf78461186456a5ca72b2b9811cb391476c1d1af0301ff71b8f73198c88d1"
"md","step-v-09-project-type-validation","bmm","bmm/2-plan-workflows/create-prd/steps-v/step-v-09-project-type-validation.md","d53e95264625335184284d3f9d0fc6e7674f67bdf97e19362fc33df4bea7f096"
"md","step-v-10-smart-validation","bmm","bmm/2-plan-workflows/bmad-validate-prd/steps-v/step-v-10-smart-validation.md","81bf3fbe84054b51cb36b673a3877c65c9b790acd502a9a8a01f76899f5f4f4c"
"md","step-v-10-smart-validation","bmm","bmm/2-plan-workflows/create-prd/steps-v/step-v-10-smart-validation.md","b3c21cfcb8928ee447e12ba321af957a57385d0a2d2595deb6908212ec1c9692"
"md","step-v-11-holistic-quality-validation","bmm","bmm/2-plan-workflows/bmad-validate-prd/steps-v/step-v-11-holistic-quality-validation.md","4be7756dce12a6c7c5de6a551716d9e3b1df1f5d9d87fc28efb95fe6960cd3ce"
"md","step-v-11-holistic-quality-validation","bmm","bmm/2-plan-workflows/create-prd/steps-v/step-v-11-holistic-quality-validation.md","db07ecc3af8720c15d2801b547237d6ec74523883e361a9c03c0bd09b127bee3"
"md","step-v-12-completeness-validation","bmm","bmm/2-plan-workflows/bmad-validate-prd/steps-v/step-v-12-completeness-validation.md","20371cf379d396292dd63ad721fe48258853048e10cd9ecb8998791194fe4236"
"md","step-v-12-completeness-validation","bmm","bmm/2-plan-workflows/create-prd/steps-v/step-v-12-completeness-validation.md","c966933a0ca3753db75591325cef4d4bdaf9639a1a63f9438758d32f7e1a1dda"
"md","step-v-13-report-complete","bmm","bmm/2-plan-workflows/bmad-validate-prd/steps-v/step-v-13-report-complete.md","5df1fe4427273411bc55051519edf89e36ae46b5435240664ead8ffac6842d85"
"md","step-v-13-report-complete","bmm","bmm/2-plan-workflows/create-prd/steps-v/step-v-13-report-complete.md","a48cb9e8202f66a24798ef50e66b2fa11422560085aa40bb6a057fadc53353af"
"md","template","bmm","bmm/4-implementation/bmad-create-story/template.md","29ba697368d77e88e88d0e7ac78caf7a78785a7dcfc291082aa96a62948afb67"
"md","ux-design-template","bmm","bmm/2-plan-workflows/bmad-create-ux-design/ux-design-template.md","ffa4b89376cd9db6faab682710b7ce755990b1197a8b3e16b17748656d1fca6a"
"md","validate-doc","bmm","bmm/1-analysis/bmad-agent-tech-writer/validate-doc.md","3b8d25f60be191716266726393f2d44b77262301b785a801631083b610d6acc5"
"md","web-researcher","bmm","bmm/1-analysis/bmad-product-brief/agents/web-researcher.md","66aadb087f9bb3e7d05787c8f30237247ad3b90f241d342838e4ca95ed0d0260"
"md","workflow","bmm","bmm/1-analysis/bmad-document-project/workflow.md","946a5e79552769a0254791f4faab719e1fce0b0ca5163c8948e3ab7f6bbd77e9"
"md","workflow","bmm","bmm/1-analysis/research/bmad-domain-research/workflow.md","8f50250c35786710b7a380404791ce5d04834f5c381abb297a6d1adc2a5007f8"
"md","workflow","bmm","bmm/1-analysis/research/bmad-market-research/workflow.md","b10298a8ccb939ed49f7c171f4ca9e3fe415980ebddf6bce78a7c375ef92eb84"
"md","workflow","bmm","bmm/1-analysis/research/bmad-technical-research/workflow.md","69da7541ebac524a905218470c1f91e93ef631b7993629ada9e5224598e93f3f"
"md","workflow","bmm","bmm/2-plan-workflows/bmad-create-prd/workflow.md","e40e1e72e3130d0189f77ae79f1ab242d504d963bf53c2a52e1fce8c0bc7e06e"
"md","workflow","bmm","bmm/2-plan-workflows/bmad-create-ux-design/workflow.md","d3f718aca12f9618e4271480bd76835e7f33961a4c168ce5aaec9e5a3a083c76"
"md","workflow","bmm","bmm/2-plan-workflows/bmad-edit-prd/workflow.md","96f09f2e6ebd990c5edc435d6c79bdccaef5e0629d7ae211812ac91a6f337fb6"
"md","workflow","bmm","bmm/2-plan-workflows/bmad-validate-prd/workflow.md","fbb45a58c4049d7a6a569071e3e58eb03ff3a84ed29a6f2437f49ea2902d1790"
"md","workflow","bmm","bmm/3-solutioning/bmad-check-implementation-readiness/workflow.md","0e1f1c49ee3d1965fa2378728ad5ebf8bb9d97aee67adf44993a672fbc0c85e8"
"md","workflow","bmm","bmm/3-solutioning/bmad-create-architecture/workflow.md","7845e7b62ca44da48fac9d732be43e83fe312a8bc83dd9e06574fbbc629c3b49"
"md","workflow","bmm","bmm/3-solutioning/bmad-create-epics-and-stories/workflow.md","204ce6a9fb23b63d8c254673d073f51202277dc280f9d9a535c2763aeb878a03"
"md","workflow","bmm","bmm/3-solutioning/bmad-generate-project-context/workflow.md","9d804dcdc199ae91f27f43276069e1924d660d506f455931c99759a3fd7d305d"
"md","workflow","bmm","bmm/4-implementation/bmad-code-review/workflow.md","329c5b98aedf092cc1e3cd56a73a19a68edac0693ff9481abc88336852dbffd0"
"md","workflow","bmm","bmm/4-implementation/bmad-correct-course/workflow.md","799510be917f90f0921ab27143a99c6a6b154af2e7afb3cf9729bde84a0bae6f"
"md","workflow","bmm","bmm/4-implementation/bmad-create-story/workflow.md","5ef89f34fe47a6f83d4dc3c3e1d29bbdea58838122549f60a6bc53046825305d"
"md","workflow","bmm","bmm/4-implementation/bmad-dev-story/workflow.md","96109fde74e4a6743acb6d3b70f83b6ceddc48dc7dc5fbb4a7a5142ecc0fc51e"
"md","workflow","bmm","bmm/4-implementation/bmad-qa-generate-e2e-tests/workflow.md","f399bfecbdd005b3f2de1ce15f5ab693776aded6e7d92e104f1f1a66fbcfc85e"
"md","workflow","bmm","bmm/4-implementation/bmad-quick-dev/workflow.md","cdf74759876665a2dedd9788a979302a176d8d2790017756217ad588cee7f89e"
"md","workflow","bmm","bmm/4-implementation/bmad-retrospective/workflow.md","aa0c39d871f653d19131c4c13e84bf40d7b7c764aad9e117fc328008fbd356b1"
"md","workflow","bmm","bmm/4-implementation/bmad-sprint-planning/workflow.md","6d4714a4d13d2a4f603062111fd46e6e8c69d0793b3501495b5d3826fbd0af4d"
"md","workflow","bmm","bmm/4-implementation/bmad-sprint-status/workflow.md","61c96b0bca5c720b3f8d9aac459611955add277e19716db796f211bad94d4e70"
"md","workflow-validate-prd","bmm","bmm/2-plan-workflows/create-prd/workflow-validate-prd.md","2a414986b4369622de815fb97f7b825ccf48962472c65c19ea985175dcdc5e6c"
"md","write-document","bmm","bmm/1-analysis/bmad-agent-tech-writer/write-document.md","c0ddfd981f765b82cba0921dad331cd1fa32bacdeea1f02320edfd60a0ae7e6f"
"yaml","bmad-skill-manifest","bmm","bmm/1-analysis/bmad-agent-analyst/bmad-skill-manifest.yaml","bc352201cf3b41252ca0c107761efd771f3e37ece9426d7dbf483e0fc6593049"
"yaml","bmad-skill-manifest","bmm","bmm/1-analysis/bmad-agent-tech-writer/bmad-skill-manifest.yaml","35ea1ff2681f199412056d3252b88b98bd6d4a3d69bb486c922a055c23568d69"
"yaml","bmad-skill-manifest","bmm","bmm/2-plan-workflows/bmad-agent-pm/bmad-skill-manifest.yaml","b0a09b8c8fd3c8315a503067e62624415a00b91d91d83177b95357f02b18db98"
"yaml","bmad-skill-manifest","bmm","bmm/2-plan-workflows/bmad-agent-ux-designer/bmad-skill-manifest.yaml","9d319a393c7c58a47dbf7c7f3c4bb2b4756e210ac6d29a0c3c811ff66d4d2ec1"
"yaml","bmad-skill-manifest","bmm","bmm/3-solutioning/bmad-agent-architect/bmad-skill-manifest.yaml","4de683765970ef12294035164417121ac77c4c118947cdbf4af58ea7cfee858b"
"yaml","bmad-skill-manifest","bmm","bmm/4-implementation/bmad-agent-dev/bmad-skill-manifest.yaml","ad2bb1387b0b7330cdc549a619706483c3b0d70792b91deb1ca575db8f8f523f"
"yaml","bmad-skill-manifest","bmm","bmm/4-implementation/bmad-agent-qa/bmad-skill-manifest.yaml","00e680311146df8b7e4f1da1ecf88ff7c6da87049becb3551139f83fca1a3563"
"yaml","bmad-skill-manifest","bmm","bmm/4-implementation/bmad-agent-quick-flow-solo-dev/bmad-skill-manifest.yaml","6c3c47eb61554b1d8cd9ccdf202ffff2f20bb8ab7966356ae82825dc2ae3171f"
"yaml","bmad-skill-manifest","bmm","bmm/4-implementation/bmad-agent-sm/bmad-skill-manifest.yaml","ac92ed5eb5dd6e2975fc9a2170ef2c6d917872521979d349ec5f5a14e323dbf6"
"yaml","config","bmm","bmm/config.yaml","57ea4594d1028cee6e763ed5e925980a2a38733c8d574589a1a14099bd127e87"
"yaml","sprint-status-template","bmm","bmm/4-implementation/bmad-sprint-planning/sprint-status-template.yaml","b46a7bfb7d226f00bd064f111e527eee54ad470d177382a9a15f1a6dde21544c"
"csv","brain-methods","core","core/bmad-brainstorming/brain-methods.csv","0ab5878b1dbc9e3fa98cb72abfc3920a586b9e2b42609211bb0516eefd542039"
"csv","methods","core","core/bmad-advanced-elicitation/methods.csv","e08b2e22fec700274982e37be608d6c3d1d4d0c04fa0bae05aa9dba2454e6141"
"csv","module-help","core","core/module-help.csv","79cb3524f9ee81751b6faf549e67cbaace7fa96f71b93b09db1da8e29bf9db81"
"md","compression-rules","core","core/bmad-distillator/resources/compression-rules.md","86e53d6a2072b379864766681d1cc4e1aad3d4428ecca8c46010f7364da32724"
"md","distillate-compressor","core","core/bmad-distillator/agents/distillate-compressor.md","c00da33b39a43207a224c4043d1aa4158e90e41ab421fff0ea7cc55beec81ef8"
"md","distillate-format-reference","core","core/bmad-distillator/resources/distillate-format-reference.md","0ed0e016178f606ff7b70dd852695e94bce8da6d83954257e0b85779530bcaeb"
"md","round-trip-reconstructor","core","core/bmad-distillator/agents/round-trip-reconstructor.md","47c83f4a37249ddac38460d8c95d162f6fc175a8919888e8090aed71bd9383bc"
"md","SKILL","core","core/bmad-advanced-elicitation/SKILL.md","2d1011b1c93a4cf62d9a4b8fad876f0a45e1ad0126dbb796ed21304c5c5d8fb9"
"md","SKILL","core","core/bmad-brainstorming/SKILL.md","f4a2c22b40ed34cdbd3282dd6161a3b869902f3bc75b58e181fc9faf78eedd9d"
"md","SKILL","core","core/bmad-distillator/SKILL.md","9b404438deb17c56ddc08f7b823177687fb4a62f08f40dac8faa5a93f78e374d"
"md","SKILL","core","core/bmad-editorial-review-prose/SKILL.md","b3687fe80567378627bc2a0c5034ae8d65dfeedcf2b6c90da077f4feca462d0c"
"md","SKILL","core","core/bmad-editorial-review-structure/SKILL.md","164444359d74f695a84faf7ea558d0eef39c75561e6b26669f97a165c6f75538"
"md","SKILL","core","core/bmad-help/SKILL.md","8966c636a5ee40cc9deeba9a25df4cd2a9999d035f733711946fa6b1cc0de535"
"md","SKILL","core","core/bmad-index-docs/SKILL.md","a855d7060414e73ca4fe8e1a3e1cc4d0f2ce394846e52340bdf5a1317e0d234a"
"md","SKILL","core","core/bmad-init/SKILL.md","fd3c96b86bc02f6dac8e76e2b62b7f7a0782d4c0c6586ee414a7fb37a3bc3a4e"
"md","SKILL","core","core/bmad-party-mode/SKILL.md","558831b737cf3a6a5349b9f1338f2945da82ce2564893e642a2b49b7e62e8b3f"
"md","SKILL","core","core/bmad-review-adversarial-general/SKILL.md","7bffc39e6dba4d9123648c5d4d79e17c3c5b1efbd927c3fe0026c2dbb8d99cff"
"md","SKILL","core","core/bmad-review-edge-case-hunter/SKILL.md","f49ed9976f46b4cefa1fc8b4f0a495f16089905e6a7bbf4ce73b8f05c9ae3ee6"
"md","SKILL","core","core/bmad-shard-doc/SKILL.md","3a1538536514725fd4f31aded280ee56b9645fc61d114fd94aacb3ac52304e52"
"md","splitting-strategy","core","core/bmad-distillator/resources/splitting-strategy.md","26d3ed05f912cf99ff9ebe2353f2d84d70e3e852e23a32b1215c13416ad708b5"
"md","step-01-agent-loading","core","core/bmad-party-mode/steps/step-01-agent-loading.md","04ab6b6247564f7edcd5c503f5ca7d27ae688b09bbe2e24345550963a016e9f9"
"md","step-01-session-setup","core","core/bmad-brainstorming/steps/step-01-session-setup.md","7fd2aed9527ccdf35fc86bd4c9b27b4a530b5cfdfb90ae2b7385d3185bcd60bc"
"md","step-01b-continue","core","core/bmad-brainstorming/steps/step-01b-continue.md","49f8d78290291f974432bc8e8fce340de58ed62aa946e9e3182858bf63829920"
"md","step-02-discussion-orchestration","core","core/bmad-party-mode/steps/step-02-discussion-orchestration.md","a8a79890bd03237e20f1293045ecf06f9a62bc590f5c2d4f88e250cee40abb0b"
"md","step-02a-user-selected","core","core/bmad-brainstorming/steps/step-02a-user-selected.md","7ff3bca27286d17902ecea890494599796633e24a25ea6b31bbd6c3d2e54eba2"
"md","step-02b-ai-recommended","core","core/bmad-brainstorming/steps/step-02b-ai-recommended.md","cb77b810e0c98e080b4378999f0e250bacba4fb74c1bcb0a144cffe9989d2cbd"
"md","step-02c-random-selection","core","core/bmad-brainstorming/steps/step-02c-random-selection.md","91c6e16213911a231a41b1a55be7c939e7bbcd1463bd49cb03b5b669a90c0868"
"md","step-02d-progressive-flow","core","core/bmad-brainstorming/steps/step-02d-progressive-flow.md","6b6fbbd34bcf334d79f09e8c36ed3c9d55ddd3ebb8f8f77aa892643d1a4e3436"
"md","step-03-graceful-exit","core","core/bmad-party-mode/steps/step-03-graceful-exit.md","85e87df198fbb7ce1cf5e65937c4ad6f9ab51a2d80701979570f00519a2d9478"
"md","step-03-technique-execution","core","core/bmad-brainstorming/steps/step-03-technique-execution.md","b97afefd4ccc5234e554a3dfc5555337269ce171e730b250c756718235e9df60"
"md","step-04-idea-organization","core","core/bmad-brainstorming/steps/step-04-idea-organization.md","acb7eb6a54161213bb916cabf7d0d5084316704e792a880968fc340855cdcbbb"
"md","template","core","core/bmad-brainstorming/template.md","5c99d76963eb5fc21db96c5a68f39711dca7c6ed30e4f7d22aedee9e8bb964f9"
"md","workflow","core","core/bmad-brainstorming/workflow.md","74c87846a5cda7a4534ea592ea3125a8d8a1a88d19c94f5f4481fb28d0d16bf2"
"md","workflow","core","core/bmad-party-mode/workflow.md","e4f7328ccac68ecb7fb346c6b8f4e2e52171b63cff9070c0b382124872e673cb"
"py","analyze_sources","core","core/bmad-distillator/scripts/analyze_sources.py","31e2a8441c3c43c2536739c580cdef6abecb18ff20e7447f42dd868875783166"
"py","bmad_init","core","core/bmad-init/scripts/bmad_init.py","1b09aaadd599d12ba11bd61e86cb9ce7ce85e2d83f725ad8567b99ff00cbceeb"
"py","test_analyze_sources","core","core/bmad-distillator/scripts/tests/test_analyze_sources.py","d90525311f8010aaf8d7d9212a370468a697866190bae78c35d0aae9b7f23fdf"
"py","test_bmad_init","core","core/bmad-init/scripts/tests/test_bmad_init.py","84daa73b4e6adf4adbf203081a570b16859e090104a554ae46a295c9af3cb9bb"
"yaml","config","core","core/config.yaml","55a224f5801f81e546962a22a198a7bddffe2f3f519bf5ad443c62c7fad9c300"
"yaml","core-module","core","core/bmad-init/resources/core-module.yaml","eff85de02831f466e46a6a093d860642220295556a09c59e1b7f893950a6cdc9"
"yaml","config","custom","custom/config.yaml","64c5f799fb87971599326b2a2aedb73ace720c826881ad2a63e286418e98a430"
"csv","module-help","ma-skills","ma-skills/module-help.csv","59e6922ceab89c7b4d8ae51e64f3515fcb5f728e8d2fcb9da8282edb86322fd5"
"file",".gitkeep","ma-skills","ma-skills/skills/add-sprint/.gitkeep","e3b0c44298fc1c149afbf4c8996fb92427ae41e4649b934ca495991b7852b855"
"file",".gitkeep","ma-skills","ma-skills/skills/add-to-sprint/.gitkeep","e3b0c44298fc1c149afbf4c8996fb92427ae41e4649b934ca495991b7852b855"
"file",".gitkeep","ma-skills","ma-skills/skills/bmad-ma-agent-cyber/.gitkeep","e3b0c44298fc1c149afbf4c8996fb92427ae41e4649b934ca495991b7852b855"
"file",".gitkeep","ma-skills","ma-skills/skills/bmad-ma-agent-devops/.gitkeep","e3b0c44298fc1c149afbf4c8996fb92427ae41e4649b934ca495991b7852b855"
"file",".gitkeep","ma-skills","ma-skills/skills/bmad-ma-agent-mil498/.gitkeep","e3b0c44298fc1c149afbf4c8996fb92427ae41e4649b934ca495991b7852b855"
"file",".gitkeep","ma-skills","ma-skills/skills/bmad-ma-agent-ml/.gitkeep","e3b0c44298fc1c149afbf4c8996fb92427ae41e4649b934ca495991b7852b855"
"file",".gitkeep","ma-skills","ma-skills/skills/bmad-ma-agent-sre/.gitkeep","e3b0c44298fc1c149afbf4c8996fb92427ae41e4649b934ca495991b7852b855"
"file",".gitkeep","ma-skills","ma-skills/skills/cleanup-done/.gitkeep","e3b0c44298fc1c149afbf4c8996fb92427ae41e4649b934ca495991b7852b855"
"file",".gitkeep","ma-skills","ma-skills/skills/create-bug-story/.gitkeep","e3b0c44298fc1c149afbf4c8996fb92427ae41e4649b934ca495991b7852b855"
"file",".gitkeep","ma-skills","ma-skills/skills/cyber-generate-certs/.gitkeep","e3b0c44298fc1c149afbf4c8996fb92427ae41e4649b934ca495991b7852b855"
"file",".gitkeep","ma-skills","ma-skills/skills/cyber-immunity-estimation/.gitkeep","e3b0c44298fc1c149afbf4c8996fb92427ae41e4649b934ca495991b7852b855"
"file",".gitkeep","ma-skills","ma-skills/skills/cyber-security-audit/.gitkeep","e3b0c44298fc1c149afbf4c8996fb92427ae41e4649b934ca495991b7852b855"
"file",".gitkeep","ma-skills","ma-skills/skills/cyber-vault-secrets/.gitkeep","e3b0c44298fc1c149afbf4c8996fb92427ae41e4649b934ca495991b7852b855"
"file",".gitkeep","ma-skills","ma-skills/skills/cyber-verify-docker-users/.gitkeep","e3b0c44298fc1c149afbf4c8996fb92427ae41e4649b934ca495991b7852b855"
"file",".gitkeep","ma-skills","ma-skills/skills/cyber-verify-image-signature/.gitkeep","e3b0c44298fc1c149afbf4c8996fb92427ae41e4649b934ca495991b7852b855"
"file",".gitkeep","ma-skills","ma-skills/skills/cyber-vulnerability-scan/.gitkeep","e3b0c44298fc1c149afbf4c8996fb92427ae41e4649b934ca495991b7852b855"
"file",".gitkeep","ma-skills","ma-skills/skills/devops-configure-infrastructure/.gitkeep","e3b0c44298fc1c149afbf4c8996fb92427ae41e4649b934ca495991b7852b855"
"file",".gitkeep","ma-skills","ma-skills/skills/devops-disconnected-deployment/.gitkeep","e3b0c44298fc1c149afbf4c8996fb92427ae41e4649b934ca495991b7852b855"
"file",".gitkeep","ma-skills","ma-skills/skills/devops-docker-compose-setup/.gitkeep","e3b0c44298fc1c149afbf4c8996fb92427ae41e4649b934ca495991b7852b855"
"file",".gitkeep","ma-skills","ma-skills/skills/devops-manage-helm/.gitkeep","e3b0c44298fc1c149afbf4c8996fb92427ae41e4649b934ca495991b7852b855"
"file",".gitkeep","ma-skills","ma-skills/skills/devops-sign-docker-image/.gitkeep","e3b0c44298fc1c149afbf4c8996fb92427ae41e4649b934ca495991b7852b855"
"file",".gitkeep","ma-skills","ma-skills/skills/generate-backlog/.gitkeep","e3b0c44298fc1c149afbf4c8996fb92427ae41e4649b934ca495991b7852b855"
"file",".gitkeep","ma-skills","ma-skills/skills/mil498-ocd/.gitkeep","e3b0c44298fc1c149afbf4c8996fb92427ae41e4649b934ca495991b7852b855"
"file",".gitkeep","ma-skills","ma-skills/skills/mil498-sdd/.gitkeep","e3b0c44298fc1c149afbf4c8996fb92427ae41e4649b934ca495991b7852b855"
"file",".gitkeep","ma-skills","ma-skills/skills/mil498-sdp/.gitkeep","e3b0c44298fc1c149afbf4c8996fb92427ae41e4649b934ca495991b7852b855"
"file",".gitkeep","ma-skills","ma-skills/skills/mil498-srs/.gitkeep","e3b0c44298fc1c149afbf4c8996fb92427ae41e4649b934ca495991b7852b855"
"file",".gitkeep","ma-skills","ma-skills/skills/mil498-ssdd/.gitkeep","e3b0c44298fc1c149afbf4c8996fb92427ae41e4649b934ca495991b7852b855"
"file",".gitkeep","ma-skills","ma-skills/skills/mil498-sss/.gitkeep","e3b0c44298fc1c149afbf4c8996fb92427ae41e4649b934ca495991b7852b855"
"file",".gitkeep","ma-skills","ma-skills/skills/mil498-std/.gitkeep","e3b0c44298fc1c149afbf4c8996fb92427ae41e4649b934ca495991b7852b855"
"file",".gitkeep","ma-skills","ma-skills/skills/ml-advise/.gitkeep","e3b0c44298fc1c149afbf4c8996fb92427ae41e4649b934ca495991b7852b855"
"file",".gitkeep","ma-skills","ma-skills/skills/ml-analysis/.gitkeep","e3b0c44298fc1c149afbf4c8996fb92427ae41e4649b934ca495991b7852b855"
"file",".gitkeep","ma-skills","ma-skills/skills/ml-architecture/.gitkeep","e3b0c44298fc1c149afbf4c8996fb92427ae41e4649b934ca495991b7852b855"
"file",".gitkeep","ma-skills","ma-skills/skills/ml-detailed-design/.gitkeep","e3b0c44298fc1c149afbf4c8996fb92427ae41e4649b934ca495991b7852b855"
"file",".gitkeep","ma-skills","ma-skills/skills/ml-eda/.gitkeep","e3b0c44298fc1c149afbf4c8996fb92427ae41e4649b934ca495991b7852b855"
"file",".gitkeep","ma-skills","ma-skills/skills/ml-experiment/.gitkeep","e3b0c44298fc1c149afbf4c8996fb92427ae41e4649b934ca495991b7852b855"
"file",".gitkeep","ma-skills","ma-skills/skills/ml-hparam/.gitkeep","e3b0c44298fc1c149afbf4c8996fb92427ae41e4649b934ca495991b7852b855"
"file",".gitkeep","ma-skills","ma-skills/skills/ml-ideation/.gitkeep","e3b0c44298fc1c149afbf4c8996fb92427ae41e4649b934ca495991b7852b855"
"file",".gitkeep","ma-skills","ma-skills/skills/ml-infra/.gitkeep","e3b0c44298fc1c149afbf4c8996fb92427ae41e4649b934ca495991b7852b855"
"file",".gitkeep","ma-skills","ma-skills/skills/ml-retrospective/.gitkeep","e3b0c44298fc1c149afbf4c8996fb92427ae41e4649b934ca495991b7852b855"
"file",".gitkeep","ma-skills","ma-skills/skills/ml-revision/.gitkeep","e3b0c44298fc1c149afbf4c8996fb92427ae41e4649b934ca495991b7852b855"
"file",".gitkeep","ma-skills","ma-skills/skills/ml-techspec/.gitkeep","e3b0c44298fc1c149afbf4c8996fb92427ae41e4649b934ca495991b7852b855"
"file",".gitkeep","ma-skills","ma-skills/skills/modify-sprint/.gitkeep","e3b0c44298fc1c149afbf4c8996fb92427ae41e4649b934ca495991b7852b855"
"file",".gitkeep","ma-skills","ma-skills/skills/prioritize-backlog/.gitkeep","e3b0c44298fc1c149afbf4c8996fb92427ae41e4649b934ca495991b7852b855"
"file",".gitkeep","ma-skills","ma-skills/skills/project-context-expansion/.gitkeep","e3b0c44298fc1c149afbf4c8996fb92427ae41e4649b934ca495991b7852b855"
"file",".gitkeep","ma-skills","ma-skills/skills/remove-from-sprint/.gitkeep","e3b0c44298fc1c149afbf4c8996fb92427ae41e4649b934ca495991b7852b855"
"file",".gitkeep","ma-skills","ma-skills/skills/sprint-status-view/.gitkeep","e3b0c44298fc1c149afbf4c8996fb92427ae41e4649b934ca495991b7852b855"
"file",".gitkeep","ma-skills","ma-skills/skills/sre-check-deployment-status/.gitkeep","e3b0c44298fc1c149afbf4c8996fb92427ae41e4649b934ca495991b7852b855"
"file",".gitkeep","ma-skills","ma-skills/skills/sre-check-secrets/.gitkeep","e3b0c44298fc1c149afbf4c8996fb92427ae41e4649b934ca495991b7852b855"
"file",".gitkeep","ma-skills","ma-skills/skills/sre-check-system-status/.gitkeep","e3b0c44298fc1c149afbf4c8996fb92427ae41e4649b934ca495991b7852b855"
"file",".gitkeep","ma-skills","ma-skills/skills/sre-day-2-ops/.gitkeep","e3b0c44298fc1c149afbf4c8996fb92427ae41e4649b934ca495991b7852b855"
"file",".gitkeep","ma-skills","ma-skills/skills/sre-deployment-strategies/.gitkeep","e3b0c44298fc1c149afbf4c8996fb92427ae41e4649b934ca495991b7852b855"
"file",".gitkeep","ma-skills","ma-skills/skills/sre-fix-deployments/.gitkeep","e3b0c44298fc1c149afbf4c8996fb92427ae41e4649b934ca495991b7852b855"
"file",".gitkeep","ma-skills","ma-skills/skills/sre-gitops-status/.gitkeep","e3b0c44298fc1c149afbf4c8996fb92427ae41e4649b934ca495991b7852b855"
"json","skill","ma-skills","ma-skills/skills/ml-advise/skill.json","660fb6d96c042b7ed9dac8c7184d8bc92b637112b733fbf0ce75a242039cef51"
"json","skill","ma-skills","ma-skills/skills/ml-analysis/skill.json","55fbce992e37921df3d3005f60fdc69c91ffdef1e9b51979e63b7f27a312530a"
"json","skill","ma-skills","ma-skills/skills/ml-architecture/skill.json","9e094e88997dbd3b57c7d9e772cb8b937b0e9b41bd84aa727dcb84bdccd74982"
"json","skill","ma-skills","ma-skills/skills/ml-detailed-design/skill.json","7c17e8e587b0a1e9e4c28c035a30a87edb89f5af9d80c0d9d643631f4971c38e"
"json","skill","ma-skills","ma-skills/skills/ml-eda/skill.json","e8fe6b0150d7763350565beb825670830017a525150017fe9fe166c90d66ec31"
"json","skill","ma-skills","ma-skills/skills/ml-experiment/skill.json","b372145fd15e18f97c7223b393a3a4c118ad13e3f068191ccae5a95f82462442"
"json","skill","ma-skills","ma-skills/skills/ml-hparam/skill.json","11735179d7d972c459c999e3d3559a8e191967c2ed78a7060110c4ea12bb84e0"
"json","skill","ma-skills","ma-skills/skills/ml-ideation/skill.json","86cd0e19773b14c20a8458a907b4aa9052a738afea58c096bb2f7bb87e8ecd6d"
"json","skill","ma-skills","ma-skills/skills/ml-infra/skill.json","ec26bd9d4d9117173bf2e52e6793daa64f6148167e05b0bda292c918b8a57514"
"json","skill","ma-skills","ma-skills/skills/ml-retrospective/skill.json","c46352b840cf4b47dfdbee3b61b36d9a8728d3ca573499a2b3a255cc52d9f0a1"
"json","skill","ma-skills","ma-skills/skills/ml-revision/skill.json","9eca0878ca1bd3e5043a2c642f44934fde6c360d73799a15769a96ad2a2a0d61"
"json","skill","ma-skills","ma-skills/skills/ml-techspec/skill.json","481c9a3686696c8877d0873c3959791f18d69835485cded2d776b5eb112df506"
"md","01-discover-project-artifacts","ma-skills","ma-skills/skills/mil498-ocd/prompts/01-discover-project-artifacts.md","6e08993953714ead7b139ee69a34a5d2b5989f1ed312c812ffc66dc49464d2dd"
"md","01-discover-project-artifacts","ma-skills","ma-skills/skills/mil498-sdd/prompts/01-discover-project-artifacts.md","405c413e24717486b5a6fb318ea6238409eddd51fc895ae59aec74c836810c26"
"md","01-discover-project-artifacts","ma-skills","ma-skills/skills/mil498-sdp/prompts/01-discover-project-artifacts.md","f00814d1c5331b3bdb34e90840fd15144e2af725b0387deeb838dad3102b27aa"
"md","01-discover-project-artifacts","ma-skills","ma-skills/skills/mil498-srs/prompts/01-discover-project-artifacts.md","5d4985457975e798ea5307b46d61d3c5cc553a0c888a1f26b73963028de591af"
"md","01-discover-project-artifacts","ma-skills","ma-skills/skills/mil498-ssdd/prompts/01-discover-project-artifacts.md","a25fd3d27eb555834b60e4bdc0e7e8f4b106a4843687544a7ececf65ab6abec2"
"md","01-discover-project-artifacts","ma-skills","ma-skills/skills/mil498-sss/prompts/01-discover-project-artifacts.md","1a443ebfb9e589426b62c6fdf71f0a8abc620e92bcd3f3a317aadea49d004683"
"md","01-discover-project-artifacts","ma-skills","ma-skills/skills/mil498-std/prompts/01-discover-project-artifacts.md","6a70ceeaf47ea3c15b7c1d94ffa34afcc7175448d6c7ae442151345bdb5f426b"
"md","02-load-template","ma-skills","ma-skills/skills/mil498-ocd/prompts/02-load-template.md","73197f86b0a0889b2e826db0bcbb2dfb6dadafba2cac2a2b7fb459876f16ba5a"
"md","02-load-template","ma-skills","ma-skills/skills/mil498-sdd/prompts/02-load-template.md","7ea1080d549f7fc523447fca891de226d83d1579641b18ad90bf096832060da0"
"md","02-load-template","ma-skills","ma-skills/skills/mil498-sdp/prompts/02-load-template.md","82a5e95aab172d5348ce434e28e7c957532c0d411a3388c43b28cd61d443a099"
"md","02-load-template","ma-skills","ma-skills/skills/mil498-srs/prompts/02-load-template.md","2e9c8f2a49df70322f3f81746dd2a5eff316694cae6e4d9cec30eee642c3f412"
"md","02-load-template","ma-skills","ma-skills/skills/mil498-ssdd/prompts/02-load-template.md","326180b18878c23f04d7d25cf70f6d153473e25e6569d978b961154d37fa632d"
"md","02-load-template","ma-skills","ma-skills/skills/mil498-sss/prompts/02-load-template.md","c1968cb846b9530aa0eefade6adc792cf7e80297dd4bad68da59efc4b74b88e8"
"md","02-load-template","ma-skills","ma-skills/skills/mil498-std/prompts/02-load-template.md","ce21f5004be8a4cce8340652feac322e790d81b64358f4f6647a0872fbceac7d"
"md","03-csci-discovery-interview","ma-skills","ma-skills/skills/mil498-ssdd/prompts/03-csci-discovery-interview.md","1d73cec70f47f4d6c7bb836d64be98d2f921a164a75b4ed36591e94540f71555"
"md","03-generate-document","ma-skills","ma-skills/skills/mil498-ocd/prompts/03-generate-document.md","54dd4c8fe69b6c31b6558fc940ee492fe4c2e38b542c4c6f2e2f7bedc92c1fb1"
"md","03-generate-document","ma-skills","ma-skills/skills/mil498-sdd/prompts/03-generate-document.md","a63cea7b50fe489d7ab57d26c175eb1fa91a7bd822f44538c4a123fcc48b5c53"
"md","03-generate-document","ma-skills","ma-skills/skills/mil498-sdp/prompts/03-generate-document.md","762295b0c5db6d3d8de8da788a0847ceef00fd2787a00bf6df86dc690a34739f"
"md","03-generate-document","ma-skills","ma-skills/skills/mil498-srs/prompts/03-generate-document.md","3249cb82bcb249156889fdc3a2628ff122ca14a122db01c7cc8558bc26c4d150"
"md","03-generate-document","ma-skills","ma-skills/skills/mil498-sss/prompts/03-generate-document.md","626464503210ce258c959f57ea0b48b95a30020e6726640bc7ac0c7d5f05b155"
"md","03-generate-document","ma-skills","ma-skills/skills/mil498-std/prompts/03-generate-document.md","4dec342e704925e32585099cd9b8872e783ef741ba6cc26fa81667d4d8e191f4"
"md","04-generate-document","ma-skills","ma-skills/skills/mil498-ssdd/prompts/04-generate-document.md","b0a0ff5ebdd3cc84a4703b3ea33e615ec6a29eb2b24c9017bce23e5e9f3646ee"
"md","04-validate","ma-skills","ma-skills/skills/mil498-ocd/prompts/04-validate.md","64b24c978739403d3b6bb959401b2f3f05931c6fc33c7f3a1279b5903dadc557"
"md","04-validate","ma-skills","ma-skills/skills/mil498-sdd/prompts/04-validate.md","5594553fc00152d3da33dc753844a59052a76454c5986a8edeb4d005320bc145"
"md","04-validate","ma-skills","ma-skills/skills/mil498-sdp/prompts/04-validate.md","55007844b07cdb64d37a740abbdfd4b694de13d598326ed9ece4d268cfbea726"
"md","04-validate","ma-skills","ma-skills/skills/mil498-srs/prompts/04-validate.md","a98167aa62338c3e0e31e83bf6bd6feaeea245664885ccd713e6c33c118f8add"
"md","04-validate","ma-skills","ma-skills/skills/mil498-sss/prompts/04-validate.md","cd8a0abaa74e6f0b8b73e7169b13fe9accc1740de88f760d315e42bc58639e7f"
"md","04-validate","ma-skills","ma-skills/skills/mil498-std/prompts/04-validate.md","ddf86141864c2700150eb5996bdda588049ff2ca616602dfb3abc6614a4ece17"
"md","05-review","ma-skills","ma-skills/skills/mil498-ocd/prompts/05-review.md","64f6ea3815ea7e0821dc822043efdfaca6d54194b2d05274a2fbe5733da576fe"
"md","05-review","ma-skills","ma-skills/skills/mil498-sdd/prompts/05-review.md","1ee6d36b16ba172821ad4b1f3afe17e7eb2536f363c87fa68cbed09f53dd3772"
"md","05-review","ma-skills","ma-skills/skills/mil498-sdp/prompts/05-review.md","180634f8ac52922c7bbda3ec91ecb77dc34aabaf89f39d6c9c66475105edd8f0"
"md","05-review","ma-skills","ma-skills/skills/mil498-srs/prompts/05-review.md","ef190375f99ed65aa2655aee40ae1ef26e660f9919a3294472ee77395566afab"
"md","05-review","ma-skills","ma-skills/skills/mil498-sss/prompts/05-review.md","5f1277c837f73f0eca021a222327e82d6b69652e6eff54d92887841080127d58"
"md","05-review","ma-skills","ma-skills/skills/mil498-std/prompts/05-review.md","b1be02059321b404bc19468f330927b7117da0dcc4096b20d39b21e978467e91"
"md","05-validate","ma-skills","ma-skills/skills/mil498-ssdd/prompts/05-validate.md","b1b4b593e9a17de72f21b7baafbeffa95e992c428c379d70efd5b730f5c0882a"
"md","06-review","ma-skills","ma-skills/skills/mil498-ssdd/prompts/06-review.md","177eed408e53252f719949f3aae78bea6400d24212a1e9ac1b7fd17350897d32"
"md","06-save","ma-skills","ma-skills/skills/mil498-ocd/prompts/06-save.md","6234d28d58a500ec5aa49c0c898e289998e2166fb86f08ae76d234ffa03366ae"
"md","06-save","ma-skills","ma-skills/skills/mil498-sdd/prompts/06-save.md","b31a573bf600851cbc7f35cd964e90046b32be1a4ccd294fc302d8ba73a936e0"
"md","06-save","ma-skills","ma-skills/skills/mil498-sdp/prompts/06-save.md","1ca12066db9939b69742ff9267310d161980435e78571a96242077f9cc75ce80"
"md","06-save","ma-skills","ma-skills/skills/mil498-srs/prompts/06-save.md","62e29cc2c37535e1bbdd6f7dd2b037124aa5c7a4d98cf898d52437a0558982ef"
"md","06-save","ma-skills","ma-skills/skills/mil498-sss/prompts/06-save.md","bbe893a46f1f8af8d92e05fb0994ceed7ba4c7a89b526f4d90d3aa26ed96d418"
"md","06-save","ma-skills","ma-skills/skills/mil498-std/prompts/06-save.md","4a7ade96195c728ff34bb16b360ddf4513bae67d7b997947c1160f1ccb170918"
"md","07-save","ma-skills","ma-skills/skills/mil498-ssdd/prompts/07-save.md","975fc90311f0a92a892a441064bfb4e1afd65e8dbb284ee3adeb835ca670c17e"
"md","SKILL","ma-skills","ma-skills/skills/add-sprint/SKILL.md","ef699369864fd64ac70c5df7c03476a140c472cac2a895cd11efe3e0b5b8024d"
"md","SKILL","ma-skills","ma-skills/skills/add-to-sprint/SKILL.md","9d212476ed499999d2881c855cfe0c56b44f6b0b331e2cb301ca262fa719609d"
"md","SKILL","ma-skills","ma-skills/skills/bmad-ma-agent-cyber/SKILL.md","58bfea96bc5b6b8e5306234d6608cf0bc75fa4fbc35ebbd4c6cafa996b8b7b7f"
"md","SKILL","ma-skills","ma-skills/skills/bmad-ma-agent-devops/SKILL.md","1ea9dc6d2d84a5c0f050427a29cc1fb4fb6833f5715f16b66686374d61e92ce9"
"md","SKILL","ma-skills","ma-skills/skills/bmad-ma-agent-mil498/SKILL.md","b0eb83bd8351a130e2a095ae66bcb6863fe6462b21edc52160a0620741a642a6"
"md","SKILL","ma-skills","ma-skills/skills/bmad-ma-agent-ml/SKILL.md","243fe0e87410045c1188d43d1c0fa19c80776b5268b897b698dc1cb2abcfef61"
"md","SKILL","ma-skills","ma-skills/skills/bmad-ma-agent-sre/SKILL.md","2d5ca9c6788ca0c2074128b2f08e237ec7322d0554a40c0e71cff65bcfe4e3ab"
"md","SKILL","ma-skills","ma-skills/skills/cleanup-done/SKILL.md","dbc0c2fec7304dfa2fd4c76e134e5cd3b7eac4ecbfceb87b1c8e81b2aee5bf61"
"md","SKILL","ma-skills","ma-skills/skills/create-bug-story/SKILL.md","96d65b5afe0f259ce434c0a4ac970ca29f7b76cd36f3dafa1877b4fb9250bc12"
"md","SKILL","ma-skills","ma-skills/skills/cyber-generate-certs/SKILL.md","3af6c62f48fc5f456ae07c6e67f3a0f808fc218e99fb3002112fd745ff0d462d"
"md","SKILL","ma-skills","ma-skills/skills/cyber-immunity-estimation/SKILL.md","99db74d91896e7f5ef06f95f9505e2f1681daba1a7600303e2125835542f73e6"
"md","SKILL","ma-skills","ma-skills/skills/cyber-security-audit/SKILL.md","c27728078981baa09110d32072ad1c69e3ea52d4daa0c2dbf45fb57f7fda4cc5"
"md","SKILL","ma-skills","ma-skills/skills/cyber-vault-secrets/SKILL.md","3382d282b64e29ff0a70c25f58e5de2645d0f208b38141c10354260b797812fd"
"md","SKILL","ma-skills","ma-skills/skills/cyber-verify-docker-users/SKILL.md","09073412dc345b94c488b6aa3e20f08d85135ecfec6c7efb18af18c443c1e43a"
"md","SKILL","ma-skills","ma-skills/skills/cyber-verify-image-signature/SKILL.md","05d2b2f74229c040b0dac26e02c7e11a293e93f907891f742202e7ff4b972762"
"md","SKILL","ma-skills","ma-skills/skills/cyber-vulnerability-scan/SKILL.md","2c67b8394c45930b1e37e7ac410db8622570b0f596703fe4692ddb7e44db4d90"
"md","SKILL","ma-skills","ma-skills/skills/devops-configure-infrastructure/SKILL.md","09ba203197d27e126f4e976d3b79e5803643ba5f19c1309c900dbff1c77d0d6a"
"md","SKILL","ma-skills","ma-skills/skills/devops-disconnected-deployment/SKILL.md","feca55e9fcc10f3cd5e63bf5d3b9390df24bafafb52c8d5dc16be27233dbb1fc"
"md","SKILL","ma-skills","ma-skills/skills/devops-docker-compose-setup/SKILL.md","19ec06ba1ab0f9976d744c11edf932c3e5062e314711ec40025634917f75912b"
"md","SKILL","ma-skills","ma-skills/skills/devops-manage-helm/SKILL.md","1a5ca4e6c9506f0bbe2546895f862b30a3e545e444584f43532d80282d5905cb"
"md","SKILL","ma-skills","ma-skills/skills/devops-sign-docker-image/SKILL.md","d33092ca17352d2f1bcd75eb4b23bd7afb78a374e60b25495fafcf240bc2c7b8"
"md","SKILL","ma-skills","ma-skills/skills/generate-backlog/SKILL.md","e42efc83c41e92b2ab205340b68a534f5388776a69826189c986b33febbdcede"
"md","SKILL","ma-skills","ma-skills/skills/mil498-ocd/SKILL.md","dad503ac54844afc6ae5b63c527a4c2f211b85831bb01b4603292c9bfcd9dbaf"
"md","SKILL","ma-skills","ma-skills/skills/mil498-sdd/SKILL.md","afedc4b46f46c6f796f9d10d3e6ad28ac5c1a06fa6407fb32ec1df8bbb5c0ac7"
"md","SKILL","ma-skills","ma-skills/skills/mil498-sdp/SKILL.md","5392de25f2d5ee44bbcd312725b390d8ecb0fdcd3c5cb3f736373d62442465b6"
"md","SKILL","ma-skills","ma-skills/skills/mil498-srs/SKILL.md","fefbe006d7117e4773750b08978cc340edaab54d5279d864c382a2439bb4868e"
"md","SKILL","ma-skills","ma-skills/skills/mil498-ssdd/SKILL.md","dd02a30a94935ae1b6c79d751730cd90cf8647c10f29334e579a5cd8245123b5"
"md","SKILL","ma-skills","ma-skills/skills/mil498-sss/SKILL.md","66fecf094f3400141397af54222a0be159acc14752619ee1f872b461d7751017"
"md","SKILL","ma-skills","ma-skills/skills/mil498-std/SKILL.md","37821fe48a24673953944456601043fd96c537f352a5944827f61b01796609ba"
"md","SKILL","ma-skills","ma-skills/skills/ml-advise/SKILL.md","9e5f02f51c65a0ab5e532b03a7426c5e05d39a360b6ab6846698718c17413ff8"
"md","SKILL","ma-skills","ma-skills/skills/ml-analysis/SKILL.md","061b31b530509c0af038ef244c0f8c940fe37086cf4d22149f16219bc526a6a7"
"md","SKILL","ma-skills","ma-skills/skills/ml-architecture/SKILL.md","27d24e782e08f12ee138a115a8b12ceee63b3fee102447010ad30d6d62751145"
"md","SKILL","ma-skills","ma-skills/skills/ml-detailed-design/SKILL.md","78f96778151c009fd97bc4f58cf5c9c8f9ca7517a92ef8715163558510834e18"
"md","SKILL","ma-skills","ma-skills/skills/ml-eda/SKILL.md","aa983df2eb5c6a4f18cfe75b35b09627fd02841de998e3d13f4871f6b51396a9"
"md","SKILL","ma-skills","ma-skills/skills/ml-experiment/SKILL.md","6f9497dfdcbde316c8f6f59a4795164958a722cf5fd29879576487291fdd9287"
"md","SKILL","ma-skills","ma-skills/skills/ml-hparam/SKILL.md","7e9c69f3c50d639e8babdb18f162e88a9694833afe8582bcf15780999a10b04a"
"md","SKILL","ma-skills","ma-skills/skills/ml-ideation/SKILL.md","e811adea3e1e8912651fe34c2c8c799779784308a4f936036ef20833b1d5b312"
"md","SKILL","ma-skills","ma-skills/skills/ml-infra/SKILL.md","a8bcd8772c378f856b26e7c175ce056422b15a4dd1b508fee2b1824b59c19f15"
"md","SKILL","ma-skills","ma-skills/skills/ml-retrospective/SKILL.md","9f02b11a7ed0819f559930e46880a99e84463aae60011b3ae2af40e08b49b6b4"
"md","SKILL","ma-skills","ma-skills/skills/ml-revision/SKILL.md","3b5eae59f49a7e66e63391e02b9e1d353d8e717e0dc666d20b330425773a67c5"
"md","SKILL","ma-skills","ma-skills/skills/ml-techspec/SKILL.md","ce48df68d046800b8cb9c56bdd30c61fd0a7d5bdd93ef0ed29f07b92ab6f479e"
"md","SKILL","ma-skills","ma-skills/skills/modify-sprint/SKILL.md","3b25e278140fafe1f93c27176b8f8e8632119150536a017f20a99d33ba48f31f"
"md","SKILL","ma-skills","ma-skills/skills/prioritize-backlog/SKILL.md","f7f121fe0a1838a6dfadaefe82160c191125a421a562f715a54f0f330e40abb0"
"md","SKILL","ma-skills","ma-skills/skills/project-context-expansion/SKILL.md","03fd47ddb3d50b7455be4e3979cdca365c465ffca27aec5f1cb4ad167facb3ce"
"md","SKILL","ma-skills","ma-skills/skills/remove-from-sprint/SKILL.md","544d6d65b56b3d316c0b0b2e356ddc56a8b770dcd4026d3f17cd55c16b653d44"
"md","SKILL","ma-skills","ma-skills/skills/sprint-status-view/SKILL.md","38b8c5fab1b930bb024a30b0453f83ad6f369f2cd4116d0f57f18dee8a34318d"
"md","SKILL","ma-skills","ma-skills/skills/sre-check-deployment-status/SKILL.md","7555e51a5a2f2a55520fd8d00e10555e5eb278f12c1c42165c298cf21e2e305e"
"md","SKILL","ma-skills","ma-skills/skills/sre-check-secrets/SKILL.md","28f5b47e68dacc2789b8e63754e9427151e8f7347b2a947cbd5f887cd91ed5e5"
"md","SKILL","ma-skills","ma-skills/skills/sre-check-system-status/SKILL.md","04788a89edf2de3cfe615f83724097ded5b54c30ada9c16b2b63f31193ed4f4d"
"md","SKILL","ma-skills","ma-skills/skills/sre-day-2-ops/SKILL.md","622d992db537e8a833d18bccf06312859138cbe12257d5573594d73982613a57"
"md","SKILL","ma-skills","ma-skills/skills/sre-deployment-strategies/SKILL.md","9a2e61fa724ef561fb633377e2a9127b63faea71c007ffc126149fe3d39429f1"
"md","SKILL","ma-skills","ma-skills/skills/sre-fix-deployments/SKILL.md","164235620b884f72996f13bdf9e1a31a108096af491a54405cba8610ead869b8"
"md","SKILL","ma-skills","ma-skills/skills/sre-gitops-status/SKILL.md","9b92fcd4e1d5078fbe581b96ac46642a7be7f2650472bc1f79ecbade79e59e91"
"md","template","ma-skills","ma-skills/skills/mil498-ocd/template.md","afc7e57e8bb70040da0c55606b66eda864e8bb91ad210e964a3c2d620095716f"
"md","template","ma-skills","ma-skills/skills/mil498-sdd/template.md","a120eca68847d5a1996ceb0b3e8538d5fe090f22d18ce4b1643bbfa2785924f0"
"md","template","ma-skills","ma-skills/skills/mil498-sdp/template.md","a12b998c696bd7828d0d86b7155a5715d8c61ecfdfd1a731b72b9e90ad3e5379"
"md","template","ma-skills","ma-skills/skills/mil498-srs/template.md","105014903086474b3942c571b7937d7c02efc49eb430ee159680ff46a729d5a0"
"md","template","ma-skills","ma-skills/skills/mil498-ssdd/template.md","12adcf09511e1f110c5d0f969f458f2c24155134562f86b77d8916b9e30df2fb"
"md","template","ma-skills","ma-skills/skills/mil498-sss/template.md","a430dda6dca2a1a236eaff153f2d95fb1b100c4e9becdb6d50952506e03a5415"
"md","template","ma-skills","ma-skills/skills/mil498-std/template.md","9d6c7caaf25452ada92e7589fbbe0673d341ad7c1e9ac8cd4e52a782d988ca39"
"md","workflow","ma-skills","ma-skills/workflows/add-sprint/workflow.md","deba6f0117e291d1a108b691d725190f04500fddf22ae4791ec5b9ea0839ce6d"
"md","workflow","ma-skills","ma-skills/workflows/add-to-sprint/workflow.md","65bdfb94bb26171bdac5d4c907f3fa749c1279e5d19f93ad5ff3ec40e2895e09"
"md","workflow","ma-skills","ma-skills/workflows/create-bug-story/workflow.md","12849acf043413b5b9fcac72aca25320fffce2bc39f13e871b7fd7a46354068a"
"md","workflow","ma-skills","ma-skills/workflows/modify-sprint/workflow.md","907c830024f1eaf5fb5f27dcbb02e41857080f84168ecb4ef9e4678ec9608693"
"md","workflow","ma-skills","ma-skills/workflows/project-context-expansion/workflow.md","29a2682c3609da6d9098903debc0a514a2fa0eaf762e3c04f87e6708199f9c37"
"md","workflow","ma-skills","ma-skills/workflows/sprint-status-view/workflow.md","9a6e04bcf5050e55c8b711ef5e245becf16a4118b271f6f123c344a88cf02780"
"py","advanced_trainer_configs","ma-skills","ma-skills/skills/ml-experiment/assets/advanced_trainer_configs.py","fc50e445ccb06a2f1118b5eea7087f439970850dee4b8de0e3220a53b4642029"
"py","baseline_classifier","ma-skills","ma-skills/skills/ml-eda/scripts/baseline_classifier.py","7148673f50cb6683afa91199ce8ea488156462dd136c771516d930ffcc180d40"
"py","class_weights_calculator","ma-skills","ma-skills/skills/ml-eda/scripts/class_weights_calculator.py","1d24cf6b0356f900643a936adbf305521e3f885c95a706fc4ef605e6fc0dc7c5"
"py","clustering_explorer","ma-skills","ma-skills/skills/ml-eda/scripts/clustering_explorer.py","a30459fc6986c342a82068371f6a7cfa7fe3e6b35cb88131b1ec01f3095ff653"
"py","eda_analyzer","ma-skills","ma-skills/skills/ml-eda/scripts/eda_analyzer.py","7e3a70562d0b0dc5311372173d55cf548f2242b0a6a988493fa18e885d57f21f"
"py","quick_trainer_setup","ma-skills","ma-skills/skills/ml-experiment/assets/quick_trainer_setup.py","ab102788ed4c0b54066abcaa6b0798a030e88ee8cfcf60e5076635fb61778fa8"
"py","template_datamodule","ma-skills","ma-skills/skills/ml-experiment/assets/template_datamodule.py","a2d633274d31d090c1502ee1248b13d210fb0a4a1ffe5c79f2e2305c66b3f692"
"py","template_gnn_module","ma-skills","ma-skills/skills/ml-experiment/assets/template_gnn_module.py","df2afef12baaf47fb322663cc12037482548f6f706ffb2d05a387f59001f0dea"
"py","template_lightning_module","ma-skills","ma-skills/skills/ml-experiment/assets/template_lightning_module.py","773337648a0ef0918af7605c0f6f19091ceddb3cc98e97cf6b75c367006d5de4"
"py","validate_ml_prd","ma-skills","ma-skills/skills/ml-ideation/scripts/validate_ml_prd.py","c68645086435f22fb821fd701791c3657d5caa27c4d2280bfb26adf2e12bbcd5"
"yaml","bmad-skill-manifest","ma-skills","ma-skills/skills/add-sprint/bmad-skill-manifest.yaml","05289150fa2a861e05d6067f3ee12883a41ce1afd4718946f1013b0457840f75"
"yaml","bmad-skill-manifest","ma-skills","ma-skills/skills/add-to-sprint/bmad-skill-manifest.yaml","e797ea476841344b46b67f659e2663a55667bfdef8ec1b43e994c60c346d88c0"
"yaml","bmad-skill-manifest","ma-skills","ma-skills/skills/bmad-ma-agent-cyber/bmad-skill-manifest.yaml","e687e6d6b5fe10cfe42005836c2204e7049ac5c75a5b8da6f5566f8cb41a6eda"
"yaml","bmad-skill-manifest","ma-skills","ma-skills/skills/bmad-ma-agent-devops/bmad-skill-manifest.yaml","7d08fd5c07e03bd55d68603a8e01ed6a7c0353adab8bd860daccbfb3f254803b"
"yaml","bmad-skill-manifest","ma-skills","ma-skills/skills/bmad-ma-agent-mil498/bmad-skill-manifest.yaml","db1318017605ca26195fc84c75bbaa68e9ef1aa2f1c1a8f6d81f3fcc12eee7db"
"yaml","bmad-skill-manifest","ma-skills","ma-skills/skills/bmad-ma-agent-ml/bmad-skill-manifest.yaml","6b11eba36937feb961c0f7793eac9fed737225ddc95401cc955e2e0c3627875d"
"yaml","bmad-skill-manifest","ma-skills","ma-skills/skills/bmad-ma-agent-sre/bmad-skill-manifest.yaml","c8043d76dad4f04d7ba5b7a64a8a56d0136af9426270838ea5e694f53b7befb1"
"yaml","bmad-skill-manifest","ma-skills","ma-skills/skills/cleanup-done/bmad-skill-manifest.yaml","dab208ac5a74a4f4a77e54c63e4e8fc2c57ef2323ce3f5c98125db4fcf23ba2d"
"yaml","bmad-skill-manifest","ma-skills","ma-skills/skills/create-bug-story/bmad-skill-manifest.yaml","686023ac2352d65f77f3764b3261bf53c890c03adc0c0347c84afba9b479104b"
"yaml","bmad-skill-manifest","ma-skills","ma-skills/skills/cyber-generate-certs/bmad-skill-manifest.yaml","e4243e5a85a7521869a20b27969fa1cfa431ba84b4de503df1b652fd363b964e"
"yaml","bmad-skill-manifest","ma-skills","ma-skills/skills/cyber-immunity-estimation/bmad-skill-manifest.yaml","804460574ac8fec3ad024b0b13a3cbea14e1ee1f54d501fa58da891511c4b488"
"yaml","bmad-skill-manifest","ma-skills","ma-skills/skills/cyber-security-audit/bmad-skill-manifest.yaml","2567ab793f07e374fc0285b639f2ba8202b2d02dc423361a060a46870461f651"
"yaml","bmad-skill-manifest","ma-skills","ma-skills/skills/cyber-vault-secrets/bmad-skill-manifest.yaml","36fa351a107383cc3b8e52230bcb4cb47162c2a005d32188ffb110e97337f284"
"yaml","bmad-skill-manifest","ma-skills","ma-skills/skills/cyber-verify-docker-users/bmad-skill-manifest.yaml","345bfd9888f1b8488c5b94599168d0fc21ecf00bf1c834d97eb2eb628177e424"
"yaml","bmad-skill-manifest","ma-skills","ma-skills/skills/cyber-verify-image-signature/bmad-skill-manifest.yaml","0b61fe2d03af9bd5900627bbe02ab721f61b2d8876e5906f4b18a016b77c9b6c"
"yaml","bmad-skill-manifest","ma-skills","ma-skills/skills/cyber-vulnerability-scan/bmad-skill-manifest.yaml","548af32c24d71511d478688d80e4d43421668ddf46ed98b9788b9dc4b9fee66b"
"yaml","bmad-skill-manifest","ma-skills","ma-skills/skills/devops-configure-infrastructure/bmad-skill-manifest.yaml","e56c2b18e1c017b0ab0a0e12a558896ddc79d727934d9ad427b9cade1007b009"
"yaml","bmad-skill-manifest","ma-skills","ma-skills/skills/devops-disconnected-deployment/bmad-skill-manifest.yaml","a72960b6e23618c21d2eab29e5df6bc73a9ab0a177992c9c0e40a508342b94d8"
"yaml","bmad-skill-manifest","ma-skills","ma-skills/skills/devops-docker-compose-setup/bmad-skill-manifest.yaml","00214c649fe6f24c2b700e70358c44b77f0f4d3d52a4b360d8adf28860534956"
"yaml","bmad-skill-manifest","ma-skills","ma-skills/skills/devops-manage-helm/bmad-skill-manifest.yaml","632971dfc94c455a738e73908de8e867048340f66154ba7f855012cf8ea89a37"
"yaml","bmad-skill-manifest","ma-skills","ma-skills/skills/devops-sign-docker-image/bmad-skill-manifest.yaml","3f29bd56e78bc5ac25e06c218b237444e37352a3b4ca567727b951f024fe93b1"
"yaml","bmad-skill-manifest","ma-skills","ma-skills/skills/generate-backlog/bmad-skill-manifest.yaml","88bb9c65405cc92dd89e60dd1923e201f53e011b0910ee1f4569052d69c87723"
"yaml","bmad-skill-manifest","ma-skills","ma-skills/skills/mil498-ocd/bmad-skill-manifest.yaml","12163f8a0731caef098180d2952254309b346bd4211b67e090844bd36ea23168"
"yaml","bmad-skill-manifest","ma-skills","ma-skills/skills/mil498-sdd/bmad-skill-manifest.yaml","02de5e7907e7df1600db6c4c4e3ca287ecc8d91ca5fb1b333279cbddfcfb0809"
"yaml","bmad-skill-manifest","ma-skills","ma-skills/skills/mil498-sdp/bmad-skill-manifest.yaml","8c15e39fee8ebcf7e27654e0809f5c6e52b785eec511129e72562dfd64a99742"
"yaml","bmad-skill-manifest","ma-skills","ma-skills/skills/mil498-srs/bmad-skill-manifest.yaml","c4b886d86f616312a5c0c5e79af768fe753dc7a68b678a82c28b93633051de51"
"yaml","bmad-skill-manifest","ma-skills","ma-skills/skills/mil498-ssdd/bmad-skill-manifest.yaml","225939c7e219fecb007adc329844616beb1baa12d773b715d51158c5db54be3d"
"yaml","bmad-skill-manifest","ma-skills","ma-skills/skills/mil498-sss/bmad-skill-manifest.yaml","d972041585fed9aa33b060d1ed7f3f88ec006eb9f93eec79bc4e08143da3cadc"
"yaml","bmad-skill-manifest","ma-skills","ma-skills/skills/mil498-std/bmad-skill-manifest.yaml","b621128b23d4100ec4a7c8957172935324d1b11a1c305af100beff09833fd84f"
"yaml","bmad-skill-manifest","ma-skills","ma-skills/skills/ml-advise/bmad-skill-manifest.yaml","616a1f0537c3a03ca3ca6a13c9498eb053a64d882db7c215c5db4cbd2bb2847f"
"yaml","bmad-skill-manifest","ma-skills","ma-skills/skills/ml-analysis/bmad-skill-manifest.yaml","3fcb1cd61e7e790517f44c9c1393a2d0a79db6f6cf44deeb2d84d3bfaabcb85c"
"yaml","bmad-skill-manifest","ma-skills","ma-skills/skills/ml-architecture/bmad-skill-manifest.yaml","879650c1e515ff7a00389cada15f0dda40fc7a010c0cf69df6aae32ded9dfc02"
"yaml","bmad-skill-manifest","ma-skills","ma-skills/skills/ml-detailed-design/bmad-skill-manifest.yaml","e200c832b37751b40c90606d2a27bb3813af44c41fc83afc047f8b65696f662b"
"yaml","bmad-skill-manifest","ma-skills","ma-skills/skills/ml-eda/bmad-skill-manifest.yaml","a811fa4278d035c3f0c0dec157d8f55f648ac90b0b352a5d418e51e7362742ad"
"yaml","bmad-skill-manifest","ma-skills","ma-skills/skills/ml-experiment/bmad-skill-manifest.yaml","6e59c713c7b83431a6e7e98e7c3145fd81697d125d13a96e24426bd37efd4f4c"
"yaml","bmad-skill-manifest","ma-skills","ma-skills/skills/ml-hparam/bmad-skill-manifest.yaml","0a608737f40409fb20129aa4c27c951427e2acb80995f6df13a8d3757655fc92"
"yaml","bmad-skill-manifest","ma-skills","ma-skills/skills/ml-ideation/bmad-skill-manifest.yaml","d18b66ec63af4b79248f7c90e425217ff19f29df4a803ffe1ec5b632ba1ba211"
"yaml","bmad-skill-manifest","ma-skills","ma-skills/skills/ml-infra/bmad-skill-manifest.yaml","db7a1ab73eed27408e458bae157a214afa6d7e0ffe6ac732c8898e67d9ce228b"
"yaml","bmad-skill-manifest","ma-skills","ma-skills/skills/ml-retrospective/bmad-skill-manifest.yaml","438d31b3b93cd7809fcf8ac5747d501a974c2b4d11dc6ccc00db64ad540104c4"
"yaml","bmad-skill-manifest","ma-skills","ma-skills/skills/ml-revision/bmad-skill-manifest.yaml","baf83e0671ff052ce4380d2fa8804119ec6db458bdd5c2a5d233b89e46c35ac8"
"yaml","bmad-skill-manifest","ma-skills","ma-skills/skills/ml-techspec/bmad-skill-manifest.yaml","192cf90dbba439cbd19abd684ff80f44890964f69ef883955e28abdc8805c913"
"yaml","bmad-skill-manifest","ma-skills","ma-skills/skills/modify-sprint/bmad-skill-manifest.yaml","8cdc7e9415542c97dbd519b2a34954bba083e4feda0205c092bef67ee9ca61af"
"yaml","bmad-skill-manifest","ma-skills","ma-skills/skills/prioritize-backlog/bmad-skill-manifest.yaml","5f0c5725b4efe046599e83b5572761526ff323550d2d55206cbc807ddb9a5938"
"yaml","bmad-skill-manifest","ma-skills","ma-skills/skills/project-context-expansion/bmad-skill-manifest.yaml","5a7de068343ca200aa764419f5bfa60cc6fb18b8a94698ec054bdb6be8272e63"
"yaml","bmad-skill-manifest","ma-skills","ma-skills/skills/remove-from-sprint/bmad-skill-manifest.yaml","23d0185d44aea60a8aafceec512bcd55cbcf9e55ac8a75d74a93cddfbca60b72"
"yaml","bmad-skill-manifest","ma-skills","ma-skills/skills/sprint-status-view/bmad-skill-manifest.yaml","a6a29ddddb9e0fc2132dcaf1cfab253a5f7bd5251cb3cf35a8265ca06c45a819"
"yaml","bmad-skill-manifest","ma-skills","ma-skills/skills/sre-check-deployment-status/bmad-skill-manifest.yaml","b36b003f8192bcf345234b9d4ed96c57658f18f963cf8d00fbd031d15d924362"
"yaml","bmad-skill-manifest","ma-skills","ma-skills/skills/sre-check-secrets/bmad-skill-manifest.yaml","18b8d14c53b142188a3ece3b08caa4ba36758d3d52d054196834c6fe72facd69"
"yaml","bmad-skill-manifest","ma-skills","ma-skills/skills/sre-check-system-status/bmad-skill-manifest.yaml","4535fd15d72c4cd2ecffe58d2f2ed5457a5e662b6130e043ee90c20fa96b1b2c"
"yaml","bmad-skill-manifest","ma-skills","ma-skills/skills/sre-day-2-ops/bmad-skill-manifest.yaml","d4758d2aacdb3bb45ef9ffb14fe8699e7eede382358a0fd6c5ddcc36887968dd"
"yaml","bmad-skill-manifest","ma-skills","ma-skills/skills/sre-deployment-strategies/bmad-skill-manifest.yaml","5b110e7b0e3f88b36f8d04d270c6b477c9dc583a4120de2ef0eced2c808a1d87"
"yaml","bmad-skill-manifest","ma-skills","ma-skills/skills/sre-fix-deployments/bmad-skill-manifest.yaml","a51dc72b40f45a7ddc42014127cfa163dbdf866c106ac855266b02dd8c38419b"
"yaml","bmad-skill-manifest","ma-skills","ma-skills/skills/sre-gitops-status/bmad-skill-manifest.yaml","dd0cc4eb08ea0fef3fc1992fac8d1ad0db530129602327a53d17e61268e0426f"
"yaml","config","ma-skills","ma-skills/config.yaml","f3c960accce552c6a379dfb42ee3b780c0af7aefd06ce11327cb9bb35fd60865"
